State,Agency Name,Website,Phone
Alabama,State Banking Department,banking.alabama.gov,(334) 242-3452
Alaska,Division of Banking & Securities,commerce.alaska.gov/web/dbs,(907) 269-8140
American Samoa,Department of Treasury Office of Financial Institutions,,(684) 699-1189
Arizona,Department of Insurance & Financial Institutions,difi.az.gov,(602) 364-3100
Arkansas,State Bank Department,banking.arkansas.gov,(501) 324-9019
California,Department of Financial Protection & Innovation,dfpi.ca.gov,(916) 327-7585
Colorado,Division of Banking,banking.colorado.gov,(303) 894-7575
Connecticut,Department of Banking,portal.ct.gov/dob,(860) 240-8299
Delaware,Office of the State Bank Commissioner,banking.delaware.gov,(302) 739-4235
District of Columbia,Department of Insurance Securities & Banking,disb.dc.gov,(202) 727-8000
Florida,Office of Financial Regulation,flofr.gov,(850) 487-9687
Georgia,Department of Banking & Finance,dbf.georgia.gov,(770) 986-1633
Guam,Department of Revenue & Taxation,guamtax.com,(671) 635-1817
Hawaii,Department of Commerce & Consumer Affairs - Financial Institutions,cca.hawaii.gov/dfi,(808) 586-2820
Idaho,Department of Finance,finance.idaho.gov,(208) 332-8000
Illinois,Department of Financial & Professional Regulation,idfpr.illinois.gov,(217) 785-2900
Indiana,Department of Financial Institutions,in.gov/dfi,(317) 232-3955
Iowa,Division of Banking,idob.iowa.gov,(515) 281-4014
Kansas,Office of the State Bank Commissioner,osbckansas.gov,(785) 380-3939
Kentucky,Department of Financial Institutions,kfi.ky.gov,(502) 573-3390
Louisiana,Office of Financial Institutions,ofi.la.gov,(225) 925-4660
Maine,Bureau of Financial Institutions,maine.gov/pfr/financialinstitutions,(207) 624-8570
Maryland,Department of Labor Office of Financial Regulation,dllr.state.md.us/finance,(410) 230-6100
Massachusetts,Division of Banks,mass.gov/orgs/division-of-banks,(617) 956-1500
Michigan,Department of Insurance & Financial Services,michigan.gov/difs/industry/banking,(517) 284-8800
Minnesota,Department of Commerce,mn.gov/commerce,(651) 539-1500
Mississippi,Department of Banking & Consumer Finance,dbcf.ms.gov,(601) 321-6901
Missouri,Division of Finance,finance.mo.gov,(573) 751-3242
Montana,Division of Banking & Financial Institutions,banking.mt.gov,(406) 841-2920
Nebraska,Department of Banking & Finance,ndbf.nebraska.gov,(402) 471-2171
Nevada,Financial Institutions Division,fid.nv.gov,(702) 486-4120
New Hampshire,Banking Department,banking.nh.gov,(603) 271-3561
New Jersey,Department of Banking & Insurance,nj.gov/dobi,(609) 292-7272
New Mexico,Regulation & Licensing Department Financial Institutions Division,rld.nm.gov/financial-institutions,(505) 476-4564
New York,Department of Financial Services,dfs.ny.gov,(212) 709-3500
North Carolina,Office of the Commissioner of Banks,nccob.nc.gov,(919) 733-3016
North Dakota,Department of Financial Institutions,nd.gov/dfi,(701) 328-9933
Northern Mariana Islands,Department of Commerce,commerce.gov.mp,(670) 664-3077
Ohio,Division of Financial Institutions,com.ohio.gov/divisions-and-programs/financial-institutions,(614) 728-8400
Oklahoma,Banking Department,banking.ok.gov,(405) 521-2782
Oregon,Division of Financial Regulation,dfr.oregon.gov,(503) 378-4140
Pennsylvania,Department of Banking & Securities,dobs.pa.gov,(717) 787-2665
Puerto Rico,Office of the Commissioner of Financial Institutions,ocif.pr.gov,(787) 723-3131
Rhode Island,Department of Business Regulation,dbr.ri.gov,(401) 462-9503
South Carolina,State Board of Financial Institutions Banking Division,banking.sc.gov,(803) 734-2001
South Dakota,Division of Banking,dlr.sd.gov/banking,(605) 773-3421
Tennessee,Department of Financial Institutions,tn.gov/tdfi,(615) 741-2236
Texas,Department of Banking,dob.texas.gov,(512) 475-1300
Utah,Department of Financial Institutions,dfi.utah.gov,(801) 538-8830
Vermont,Department of Financial Regulation,dfr.vermont.gov,(802) 828-3307
Virgin Islands,Division of Banking,ltg.gov.vi/departments/banking-insurance-and-financial-regulation,(340) 774-2991
Virginia,Bureau of Financial Institutions,scc.virginia.gov/regulated-industries/bureau-of-financial-institutions,(804) 371-9657
Washington,Department of Financial Institutions,dfi.wa.gov,(360) 902-8704
West Virginia,Division of Financial Institutions,dfi.wv.gov,(304) 558-2294
Wisconsin,Department of Financial Institutions,dfi.wi.gov,(608) 261-9555
Wyoming,Division of Banking,wyomingbankingdivision.wyo.gov,(307) 777-7797
