ID,Name,Street,City,State,Zip,Email,Contact First Name,Contact Last Name,Contact Full Name,Domain,Website URL,Phone,Website Title,Website Description,Tagline,Property Types,Property Type Categories,Is Featured,Logo URL,Additional Offices,Scraped At,Enriched At,Enrichment Errors
44842,"Silverleaf Management Group","3540 US 78, Suite 104","Loganville","GA","30052","lturner@silverleafmanagement.com,andrea@silverleafmanagement.com,djagt@silverleafmanagement.com,jacqueline@silverleafmanagement.com","Lturner","","Lturner","silverleafmanagement.com","https://silverleafmanagement.com","+17705543984","Expert HOA Management Services in Georgia - Silverleaf Management Group","Silverleaf Management Group offers personalized community association management services across Georgia, providing local expertise for HOAs.","Silverleaf Management Group: Excellence in Every Interaction, Progress in Every Partnership — Experience the Silverleaf Standard.","Homeowners Association (50-99 units); Condominium Association (50-99 units); Homeowners Association (100+ units); Condominium Association (100+ units)","hoa",No,"https://d39j5ukfqdmgtw.cloudfront.net/44842/01b7cf62-22d3-452b-862d-39ec213dd244","",2026-01-30T01:30:45.945Z,2026-01-30T02:50:27.139Z,""
44844,"Sunrise Property Management","8405 Pershing Drive  Suite   401","Playa Del Rey","CA","90293","sunrisemgnt@gmail.com","Sunrisemgnt","","Sunrisemgnt","","","","","","Professional Quality Services","Multi-Family (2-4 units); Multi-Family (5-19 units); Multi-Family (20-99 units)","multifamily",No,"https://d39j5ukfqdmgtw.cloudfront.net/44844/84c09f1b-689b-43ae-b483-4b184bd6aa5e","",2026-01-30T01:30:45.945Z,2026-01-30T02:50:27.240Z,""
44847,"Portfolio Property Management","2325 Rural Ave SE Suite 105","Salem","OR","97302","ashley@portfoliopm.com","Ashley","","Ashley","portfoliopm.com","https://portfoliopm.com","(314) 192-5352","Portfolio Property Management | Optimize Your Investment Today","Professional property management services in Salem, Oregon, specializing in  residential and commercial properties with owner and tenant online portals.","You are our focus!","Single Home or Condo (Valued up to $300K); Single Home or Condo ($300 to $500K); Single Home or Condo ($500K to $1 Million); Single Home or Condo (Over $1 Million); Multi-Family (2-4 units); Multi-Family (5-19 units); Multi-Family (20-99 units); Office (Up to 9,999 sqft); Multi-Family (100+ units)","other; multifamily; commercial",No,"https://d39j5ukfqdmgtw.cloudfront.net/44847/62582e32-612d-47c3-9b40-eff74f9b2cbc","",2026-01-30T01:30:45.941Z,2026-01-30T02:50:28.046Z,""
44878,"RealManage","Serving Salt Lake City","Salt Lake City","UT","84044","support@www.realmanage.com-1.hs-inbox.com","","","","www.realmanage.com-1.hs-inbox.com","https://www.realmanage.com-1.hs-inbox.com","","","","Setting a New Standard for Community Management. We simplify HOA management so you can focus on what matters most — realizing the full vision for your community.","Homeowners Association (50-99 units); Condominium Association (50-99 units); Homeowners Association (100+ units); Condominium Association (100+ units)","hoa",No,"https://d39j5ukfqdmgtw.cloudfront.net/44878/7f2623e1-1d2b-40d4-ab59-72738fc7503d","",2026-01-30T01:30:46.011Z,2026-01-30T02:50:28.152Z,""
44901,"SoFlo Owner Solutions","1736 VAN BUREN ST","HOLLYWOOD","FL","33020","OFFICE@PIRITA.ORG","","","","pirita.org","https://pirita.org","","","","Stress-Free Property Management","Multi-Family (5-19 units); Multi-Family (20-99 units); Multi-Family (100+ units)","multifamily; other",No,"https://d39j5ukfqdmgtw.cloudfront.net/44901/ca6159d5-b006-4672-a8da-ec2e11fc587c","",2026-01-30T01:30:46.030Z,2026-01-30T02:50:28.608Z,""
44906,"Heritage Property Management","890 Richland Road","Yuba City","CA","95991","brent.bosanek@gmail.com","Brent","Bosanek","Brent Bosanek","","","","","","The Finest in Yuba and Sutter County's Property Management","Single Home or Condo (Valued up to $300K); Single Home or Condo ($300 to $500K); Single Home or Condo ($500K to $1 Million); Single Home or Condo (Over $1 Million); Multi-Family (2-4 units); Multi-Family (5-19 units); Multi-Family (20-99 units); Office (Up to 9,999 sqft); Retail (Up to 9,999 sqft)","other; multifamily; commercial",No,"https://d39j5ukfqdmgtw.cloudfront.net/44906/84224fc3-345e-4ca7-9d62-d1bc781b585a","",2026-01-30T01:30:45.941Z,2026-01-30T02:50:28.709Z,""
44911,"PMI Bmore Metro","3742 Ashley Way","Owings Mills","MD","21117","terance@pmibmoremetro.com,new-deal57a0a52414@newlead.leadsimple.com","Terance","","Terance","pmibmoremetro.com","https://pmibmoremetro.com","+1-443-267-6365","Baltimore Property Management | PMI Bmore Metro","The trusted choice for Baltimore Property Management.PMI Bmore Metro","PMI Bmore Metro is a full-service real estate asset management company that provides professional Residential services. We utilize state-of-the-art technology that allows our property owners to know how their investments are doing, while providing tenants real-time access to maintenance requests and billing.","Single Home or Condo (Valued up to $300K); Single Home or Condo ($300 to $500K); Single Home or Condo ($500K to $1 Million); Single Home or Condo (Over $1 Million)","other",No,"https://d39j5ukfqdmgtw.cloudfront.net/44911/f4c69da9-52a1-488e-be35-a617a15b0acb","",2026-01-30T01:30:45.994Z,2026-01-30T02:50:30.325Z,""
44919,"Good Property Management","4915 I-55 North Frontage Road, Building D","Jackson","MS","39206","jmillsgpm@gmail.com,gpmjacksonms@gmail.com","Jmillsgpm","","Jmillsgpm","","","","","","Good Property Management in Jackson, MS","Single Home or Condo (Valued up to $300K); Single Home or Condo ($300 to $500K); Single Home or Condo ($500K to $1 Million); Single Home or Condo (Over $1 Million); Multi-Family (2-4 units); Multi-Family (5-19 units); Multi-Family (20-99 units); Multi-Family (100+ units)","other; multifamily",No,"https://d39j5ukfqdmgtw.cloudfront.net/44919/28fa8e96-370e-4e83-9b21-0ee96f5a598f","",2026-01-30T01:30:45.954Z,2026-01-30T02:50:30.425Z,""
44936,"DoorVine Property Management","1279 Kingsley Avenue Suite 114","Orange Park","FL","32073","info@doorvinepm.com","","","","doorvinepm.com","https://doorvinepm.com","+1-904-222-7368","Jacksonville Property Managers | DoorVine Property Management","The trusted choice for Jacksonville Property Management.DoorVine Property Management","Looking for top-quality, responsive and attentive property management? Property management for investors, by investors. We offer full service property management service in and around Jacksonville. Veteran owned and operated.","Single Home or Condo (Valued up to $300K); Single Home or Condo ($300 to $500K); Single Home or Condo ($500K to $1 Million); Single Home or Condo (Over $1 Million); Multi-Family (2-4 units); Multi-Family (5-19 units); Multi-Family (20-99 units)","other; multifamily",No,"https://d39j5ukfqdmgtw.cloudfront.net/44936/084d72a5-3138-4023-8c80-7e3341567426","",2026-01-30T01:30:45.957Z,2026-01-30T02:50:31.364Z,""
44957,"Ubango","210 South Beach St, Suite 202","Daytona Beach","FL","32114","info@ubango.com","","","","ubango.com","https://ubango.com","(952) 484-1593","Ubango | Florida vacation rental management","Ubango provides full-service property management for Florida vacation rentals. Over 20 years experience managing short-term rentals. We maximize rental income while caring for all aspects of guest relations. Specializing in Brevard County, Space Coast, Treasure Coast.","20 years of local experience managing vacation rentals in Brevard County!","Vacation (1-2 units); Vacation (3+ units)","other",No,"https://d39j5ukfqdmgtw.cloudfront.net/44957/c0052ec8-f4d1-47d3-8cac-12fe8a960c58","",2026-01-30T01:30:46.028Z,2026-01-30T02:50:32.275Z,""
44958,"RowCal | The Smarter Way to HOA - Tennessee","Serving Nashville and Surrounding","Hendersonville","TN","37075","Sales@rowcal.com,Elena.Love@RowCal.com,cg71tii7@robot.zapier.com","","","","rowcal.com","https://rowcal.com","(165) 136-2157","HOA &amp; Community Association Management Company | RowCal","Trusted HOA management company delivering tailored support and transparent operations. Discover full-service community association management with RowCal today.","Looking for a better HOA Management solution? You just found it.","Homeowners Association (2-49 units); Homeowners Association (50-99 units); Condominium Association (2-49 units); Condominium Association (50-99 units); Homeowners Association (100+ units); Condominium Association (100+ units)","other; hoa",No,"https://d39j5ukfqdmgtw.cloudfront.net/44958/a06e531f-d602-4f9b-afda-5b0242be9c59","",2026-01-30T01:30:45.972Z,2026-01-30T02:50:32.954Z,""
44959,"RowCal | The Smarter Way to HOA - Pennsylvania","Serving Pennsylvania","Malvern","PA","19355","Elena.Love@RowCal.com,Sales@rowcal.com,cg71tii7@robot.zapier.com","Elena","Love","Elena Love","rowcal.com","https://rowcal.com","(165) 136-2157","HOA &amp; Community Association Management Company | RowCal","Trusted HOA management company delivering tailored support and transparent operations. Discover full-service community association management with RowCal today.","Looking for a better HOA Management solution? You just found it.","Homeowners Association (2-49 units); Homeowners Association (50-99 units); Condominium Association (2-49 units); Condominium Association (50-99 units); Homeowners Association (100+ units); Condominium Association (100+ units)","other; hoa",No,"https://d39j5ukfqdmgtw.cloudfront.net/44959/05654fc5-c9af-444b-82e7-a6221b1ce402","",2026-01-30T01:30:45.966Z,2026-01-30T02:50:33.417Z,""
45006,"Charles Umpenhour Inc.","4867 Palm Coast Pkwy NW #2","Palm Coast","FL","32137","savannah@c-u-at-home.com","Savannah","","Savannah","c-u-at-home.com","https://c-u-at-home.com","(904) 212-1630","Palm Coast Real Estate | Realty in Flagler Beach, FL and Bunnell, FL","Palm Coast FL Real Estate broker Charles Umpenhour helps you find rentals, waterfront, canal homes, land, acreage, dream homes, commercial properties, condos and other real estate for sale in Palm Coast, Flagler Beach, Bunnell and all Flagler County of North East Florida.","BUY. SELL. RENT. Let our family help your family!","Single Home or Condo (Valued up to $300K); Single Home or Condo ($300 to $500K); Single Home or Condo ($500K to $1 Million); Single Home or Condo (Over $1 Million); Multi-Family (2-4 units); Multi-Family (5-19 units); Multi-Family (20-99 units); Multi-Family (100+ units)","other; multifamily",No,"https://d39j5ukfqdmgtw.cloudfront.net/45006/b93970af-1089-41bc-bec1-631f51631178","",2026-01-30T01:30:46.113Z,2026-01-30T02:50:34.225Z,""
45030,"Goodwin & Company - West Texas","PO BOX 27","Abilene","TX","79604","Brandi.Chaves@goodwintx.com","Brandi","Chaves","Brandi Chaves","goodwintx.com","https://goodwintx.com","(732) 234-0687","Goodwin &amp; Company: HOA &amp; Community Association Management","Goodwin &amp; Company specializes in managing communities, from homeowners associations to condominiums to commercial properties in Texas, Colorado, &amp; Louisiana.","Don't Worry, We Got This!  Serving Texas since 1978","Homeowners Association (2-49 units); Homeowners Association (50-99 units); Condominium Association (2-49 units); Condominium Association (50-99 units); Homeowners Association (100+ units); Condominium Association (100+ units)","other; hoa",No,"https://d39j5ukfqdmgtw.cloudfront.net/45030/c5716029-7226-4608-8b49-7f9766c4c785","",2026-01-30T01:30:46.008Z,2026-01-30T02:50:34.551Z,""
45130,"Rent and Repair With Us","30936 Grand River Ave","Farmington","MI","48336","info@rrwithus.com","","","","rrwithus.com","https://rrwithus.com","","","","We handle all of your repair and property management needs, ensuring you reach your full earning potential.","Single Home or Condo (Valued up to $300K); Single Home or Condo ($300 to $500K); Single Home or Condo ($500K to $1 Million); Single Home or Condo (Over $1 Million); Multi-Family (2-4 units); Multi-Family (5-19 units); Multi-Family (20-99 units); Multi-Family (100+ units); Mobile Home Community","other; multifamily",No,"https://d39j5ukfqdmgtw.cloudfront.net/45130/14222ac8-6af9-41bd-8404-0a0a3c245896","",2026-01-30T01:30:45.945Z,2026-01-30T02:50:34.999Z,""
45131,"Orlando Regional Realty","13538 Village Park Dr Suite 125","Orlando","FL","32387","info@orlandoregionalrealty.com","","","","orlandoregionalrealty.com","https://orlandoregionalrealty.com","(407) 405-5574","Orlando Regional Realty | Kristi Rujano | Orlando, FL | 407-405-5574","Orlando FL Homes for Sale and Real Estate. We specialize in Homes and Listings, representing both Home Buyers and Home Sellers.","People First, Business Second","Single Home or Condo ($300 to $500K); Single Home or Condo ($500K to $1 Million); Single Home or Condo (Over $1 Million)","other",No,"https://d39j5ukfqdmgtw.cloudfront.net/45131/ed255cde-4766-4a30-802c-9caaf42302c1","",2026-01-30T01:30:45.976Z,2026-01-30T02:50:36.585Z,""
45144,"Enjoy Realty Property Management","5006 Hollycomb Dr","Windsor","CO","80550","matt@enjoyrealty.net","Matt","","Matt","enjoyrealty.net","https://enjoyrealty.net","(561) 556-4017","ENJOY REALTY LLC - Enjoy Realty","Enjoy Realty provides Northern Colorado with an exceptional one-on-one client experience from beginning to end. We believe buying and selling real estate should be inclusive without exception and adhere firmly to the REALTOR® Code of Ethics.","Dedicated to your property's success Your trusted partner in property management Making property management effortless","Single Home or Condo (Valued up to $300K); Single Home or Condo ($300 to $500K); Single Home or Condo ($500K to $1 Million); Single Home or Condo (Over $1 Million)","other",No,"https://d39j5ukfqdmgtw.cloudfront.net/45144/4208f1dd-d128-4cd1-ad50-c1b266d201b9","",2026-01-30T01:30:46.101Z,2026-01-30T02:50:37.665Z,""
45145,"HOA Organizers","20847 Sherman Way, Penthouse","Los Angeles","CA","91306","matt@hoaorganizers.com","Matt","","Matt","hoaorganizers.com","https://hoaorganizers.com","(833) 446-2674","HOA Organizers | HOA Management | California &amp; Washington","Award-winning full service, on-site, and financial management for community associations across California and Washington. HOA Organizers - Innovation, Professionalism, Excellence  Los Angeles, Orange County, Ventura, San Francisco, Bay Area, Northern California, Sacramento, Walnut Creek, San Jose, Seattle, Spokane, Tacoma, Bellingham, Bremerton, Everett, Kent","Innovation. Professionalism. Excellence. Experience the difference professional, award-winning management can make!","Other Associations (Hotel, Resort etc.); Homeowners Association (50-99 units); Condominium Association (50-99 units); Homeowners Association (100+ units); Condominium Association (100+ units); Mobile Home Community","other; hoa",No,"https://d39j5ukfqdmgtw.cloudfront.net/45145/e00ee347-a4ee-4bea-a9e4-e4d037b047d0","",2026-01-30T01:30:45.998Z,2026-01-30T02:50:38.438Z,""
45183,"Action Real Estate LLC","P.O. Box 900042","Sandy","UT","84090","Andy@Actionrealestate.us","Andy","","Andy","actionrealestate.us","https://actionrealestate.us","(254) 535-2419","Real Estate Services | Action Real Estate Llc | Utah","Action Real Estate LLC offering a fresh and friendly approach to the real estate market in Salt Lake City, Utah. We pride ourselves on providing our clients with everything they need to make buying and selling property as stress-free as possible.","Relax. We've Got Your Property Covered.","Single Home or Condo (Valued up to $300K); Single Home or Condo ($300 to $500K); Single Home or Condo ($500K to $1 Million); Single Home or Condo (Over $1 Million); Multi-Family (2-4 units); Multi-Family (5-19 units); Multi-Family (20-99 units); Office (Up to 9,999 sqft); Office (10,000 - 100,000 sqft); Office (100,000+ sqft); Retail (Up to 9,999 sqft); Retail (10,000 - 100,000 sqft); Retail (100,000+ sqft); Light Manufacturing (Up to 100,000 sqft); Light Manufacturing (100,000+ sqft); Warehouse/Distribution (Up to 100,000 sqft); Warehouse/Distribution (100,000+ sqft); Parking Garage; Biotech/Mission-Critical","other; multifamily; commercial",No,"https://d39j5ukfqdmgtw.cloudfront.net/45183/28ba31de-2a64-454d-b129-2543f59c8bb1","",2026-01-30T01:30:45.983Z,2026-01-30T02:50:39.363Z,""
45186,"Real Property Management Sailfish Coast","100 SW Albany Avenue, Suite 300","Stuart","FL","34994","john@rpmsailfishcoast.com,new-deal9271f32774@newlead.leadsimple.com","John","","John","rpmsailfishcoast.com","https://rpmsailfishcoast.com","(772) 242-9094","Real Property Management Sailfish Coast - Stuart FL Property Management Company","Real Property Management Sailfish Coast will protect your investment, provide comprehensive professional service, and maximize your income.","We do more than manage properties. We deliver peace of mind.","Single Home or Condo (Valued up to $300K); Single Home or Condo ($300 to $500K); Single Home or Condo ($500K to $1 Million); Single Home or Condo (Over $1 Million); Multi-Family (2-4 units); Multi-Family (5-19 units)","other; multifamily",No,"https://d39j5ukfqdmgtw.cloudfront.net/45186/9b56b70f-a746-43f5-8fce-63e7de141a91","",2026-01-30T01:30:46.108Z,2026-01-30T02:50:40.897Z,""
45189,"Sunny and Associates Realty & Property Management","22524 Frances Way","Tallahassee","FL","32310","joe@sunnyrealtors.com","Joe","","Joe","sunnyrealtors.com","https://sunnyrealtors.com","(954) 982-4842","Sunny &amp; Associates Real Estate of Florida, Best Realtor in Tallahassee FL","Welcome to Sunny &amp; Associates, Best Realtor in Tallahassee FL. Joe Jennings Founder, Broker - ABR, PPM, CAM, Real Estate Broker.","""Managing Your Properties, Maximizing Your Returns.""","Single Home or Condo (Valued up to $300K); Single Home or Condo ($300 to $500K); Single Home or Condo ($500K to $1 Million); Single Home or Condo (Over $1 Million)","other",No,"https://d39j5ukfqdmgtw.cloudfront.net/45189/0fa3b256-56a3-438d-834e-3e16784566d8","",2026-01-30T01:30:46.305Z,2026-01-30T02:50:44.011Z,""
45217,"Less Stress Property Management","165 South Murphy Avenue, Suite B","Sunnyvale","CA","94086","davidarivas@gmail.com,davidangelo94086@icloud.com","Davidarivas","","Davidarivas","","","","","","We know how to get unbeatable results for your property","Single Home or Condo ($500K to $1 Million); Single Home or Condo (Over $1 Million); Multi-Family (2-4 units); Multi-Family (5-19 units); Multi-Family (20-99 units); Multi-Family (100+ units)","other; multifamily",No,"https://d39j5ukfqdmgtw.cloudfront.net/45217/f8d5214a-a670-407f-8391-567b1c687577","",2026-01-30T01:30:46.303Z,2026-01-30T02:50:44.112Z,""
45231,"The Agency Group Real Estate, LLC (Myrtle Beach)","112 W. Doty Avenue","Myrtle Beach","SC","29577","Lonnie@nexthometheagencygroup.com,new-dealf2335677d5@newlead.leadsimple.com,Donna.felty@nexthometheagencygroup.com","Lonnie","","Lonnie","nexthometheagencygroup.com","https://nexthometheagencygroup.com","","","","","Single Home or Condo (Valued up to $300K); Single Home or Condo ($300 to $500K); Single Home or Condo ($500K to $1 Million); Single Home or Condo (Over $1 Million); Multi-Family (2-4 units); Multi-Family (5-19 units); Multi-Family (20-99 units); Multi-Family (100+ units)","other; multifamily",No,"https://d39j5ukfqdmgtw.cloudfront.net","",2026-01-30T01:30:46.334Z,2026-01-30T02:50:44.443Z,""
45246,"HOA Organizers","1990 N California Blvd, Suite 20","Walnut Creek","CA","94596","matt@hoaorganizers.com","Matt","","Matt","hoaorganizers.com","https://hoaorganizers.com","(833) 446-2674","HOA Organizers | HOA Management | California &amp; Washington","Award-winning full service, on-site, and financial management for community associations across California and Washington. HOA Organizers - Innovation, Professionalism, Excellence  Los Angeles, Orange County, Ventura, San Francisco, Bay Area, Northern California, Sacramento, Walnut Creek, San Jose, Seattle, Spokane, Tacoma, Bellingham, Bremerton, Everett, Kent","Innovation. Professionalism. Excellence. Experience the difference professional, award-winning management can make!","Other Associations (Hotel, Resort etc.); Homeowners Association (50-99 units); Condominium Association (50-99 units); Homeowners Association (100+ units); Condominium Association (100+ units); Mobile Home Community","other; hoa",No,"https://d39j5ukfqdmgtw.cloudfront.net/45246/11f11626-d331-4835-ad60-862fb7cc055f","",2026-01-30T01:30:46.329Z,2026-01-30T02:50:44.860Z,""
45252,"HOA Organizers","2377 Gold Meadow Way, Suite 100","Gold River","CA","95670","matt@hoaorganizers.com","Matt","","Matt","hoaorganizers.com","https://hoaorganizers.com","(833) 446-2674","HOA Organizers | HOA Management | California &amp; Washington","Award-winning full service, on-site, and financial management for community associations across California and Washington. HOA Organizers - Innovation, Professionalism, Excellence  Los Angeles, Orange County, Ventura, San Francisco, Bay Area, Northern California, Sacramento, Walnut Creek, San Jose, Seattle, Spokane, Tacoma, Bellingham, Bremerton, Everett, Kent","Innovation. Professionalism. Excellence. Experience the difference professional, award-winning management can make!","Other Associations (Hotel, Resort etc.); Homeowners Association (50-99 units); Condominium Association (50-99 units); Homeowners Association (100+ units); Condominium Association (100+ units); Mobile Home Community","other; hoa",No,"https://d39j5ukfqdmgtw.cloudfront.net/45252/4ede2783-53ef-4e38-824f-115fe01169dc","",2026-01-30T01:30:46.308Z,2026-01-30T02:50:45.105Z,""
45253,"HOA Organizers","600 West Broadway, Suite 700","San Diego","CA","92101","matt@hoaorganizers.com","Matt","","Matt","hoaorganizers.com","https://hoaorganizers.com","(833) 446-2674","HOA Organizers | HOA Management | California &amp; Washington","Award-winning full service, on-site, and financial management for community associations across California and Washington. HOA Organizers - Innovation, Professionalism, Excellence  Los Angeles, Orange County, Ventura, San Francisco, Bay Area, Northern California, Sacramento, Walnut Creek, San Jose, Seattle, Spokane, Tacoma, Bellingham, Bremerton, Everett, Kent","Innovation. Professionalism. Excellence. Experience the difference professional, award-winning management can make!","Other Associations (Hotel, Resort etc.); Homeowners Association (50-99 units); Condominium Association (50-99 units); Homeowners Association (100+ units); Condominium Association (100+ units); Mobile Home Community","other; hoa",No,"https://d39j5ukfqdmgtw.cloudfront.net/45253/803bdd3a-a830-43f8-b602-dfeef18407ac","",2026-01-30T01:30:46.352Z,2026-01-30T02:50:45.324Z,""
45254,"HOA Organizers","74-710 Highway 111, Suite 102","Palm Desert","CA","92260","matt@hoaorganizers.com","Matt","","Matt","hoaorganizers.com","https://hoaorganizers.com","(833) 446-2674","HOA Organizers | HOA Management | California &amp; Washington","Award-winning full service, on-site, and financial management for community associations across California and Washington. HOA Organizers - Innovation, Professionalism, Excellence  Los Angeles, Orange County, Ventura, San Francisco, Bay Area, Northern California, Sacramento, Walnut Creek, San Jose, Seattle, Spokane, Tacoma, Bellingham, Bremerton, Everett, Kent","Innovation. Professionalism. Excellence. Experience the difference professional, award-winning management can make!","Other Associations (Hotel, Resort etc.); Homeowners Association (50-99 units); Condominium Association (50-99 units); Homeowners Association (100+ units); Condominium Association (100+ units); Mobile Home Community","other; hoa",No,"https://d39j5ukfqdmgtw.cloudfront.net/45254/a027b01f-c368-477d-aec6-bf817e1da3c1","",2026-01-30T01:30:46.400Z,2026-01-30T02:50:45.548Z,""
45255,"HOA Organizers","2082 Michelson Dr, Suite 100","Irvine","CA","92612","matt@hoaorganizers.com","Matt","","Matt","hoaorganizers.com","https://hoaorganizers.com","(833) 446-2674","HOA Organizers | HOA Management | California &amp; Washington","Award-winning full service, on-site, and financial management for community associations across California and Washington. HOA Organizers - Innovation, Professionalism, Excellence  Los Angeles, Orange County, Ventura, San Francisco, Bay Area, Northern California, Sacramento, Walnut Creek, San Jose, Seattle, Spokane, Tacoma, Bellingham, Bremerton, Everett, Kent","Innovation. Professionalism. Excellence. Experience the difference professional, award-winning management can make!","Other Associations (Hotel, Resort etc.); Homeowners Association (50-99 units); Condominium Association (50-99 units); Homeowners Association (100+ units); Condominium Association (100+ units); Mobile Home Community","other; hoa",No,"https://d39j5ukfqdmgtw.cloudfront.net/45255/4b86d238-4ff5-4c1a-b0c7-e62db68b9f34","",2026-01-30T01:30:46.301Z,2026-01-30T02:50:45.771Z,""
45256,"HOA Organizers","1990 N California Blvd, Suite 20","Walnut Creek","CA","94596","matt@hoaorganizers.com","Matt","","Matt","hoaorganizers.com","https://hoaorganizers.com","(833) 446-2674","HOA Organizers | HOA Management | California &amp; Washington","Award-winning full service, on-site, and financial management for community associations across California and Washington. HOA Organizers - Innovation, Professionalism, Excellence  Los Angeles, Orange County, Ventura, San Francisco, Bay Area, Northern California, Sacramento, Walnut Creek, San Jose, Seattle, Spokane, Tacoma, Bellingham, Bremerton, Everett, Kent","Innovation. Professionalism. Excellence. Experience the difference professional, award-winning management can make!","Other Associations (Hotel, Resort etc.); Homeowners Association (50-99 units); Condominium Association (50-99 units); Homeowners Association (100+ units); Condominium Association (100+ units); Mobile Home Community","other; hoa",No,"https://d39j5ukfqdmgtw.cloudfront.net/45256/8b94bb63-ae42-4ffb-997b-08eb8de2fb91","",2026-01-30T01:30:46.312Z,2026-01-30T02:50:46.007Z,""
45257,"HOA Organizers","20847 Sherman Way, Penthouse","Winnetka","CA","91306","matt@hoaorganizers.com","Matt","","Matt","hoaorganizers.com","https://hoaorganizers.com","(833) 446-2674","HOA Organizers | HOA Management | California &amp; Washington","Award-winning full service, on-site, and financial management for community associations across California and Washington. HOA Organizers - Innovation, Professionalism, Excellence  Los Angeles, Orange County, Ventura, San Francisco, Bay Area, Northern California, Sacramento, Walnut Creek, San Jose, Seattle, Spokane, Tacoma, Bellingham, Bremerton, Everett, Kent","Innovation. Professionalism. Excellence. Experience the difference professional, award-winning management can make!","Other Associations (Hotel, Resort etc.); Homeowners Association (50-99 units); Condominium Association (50-99 units); Homeowners Association (100+ units); Condominium Association (100+ units); Mobile Home Community","other; hoa",No,"https://d39j5ukfqdmgtw.cloudfront.net/45257/1785e859-b7ec-4654-acb3-b20e12330141","",2026-01-30T01:30:46.360Z,2026-01-30T02:50:46.233Z,""
45258,"HOA Organizers","707 W. Main Avenue, Suite B1","Spokane","WA","99201","matt@hoaorganizers.com","Matt","","Matt","hoaorganizers.com","https://hoaorganizers.com","(833) 446-2674","HOA Organizers | HOA Management | California &amp; Washington","Award-winning full service, on-site, and financial management for community associations across California and Washington. HOA Organizers - Innovation, Professionalism, Excellence  Los Angeles, Orange County, Ventura, San Francisco, Bay Area, Northern California, Sacramento, Walnut Creek, San Jose, Seattle, Spokane, Tacoma, Bellingham, Bremerton, Everett, Kent","Nominated for Management Company of the Year by Washington State CAI! Innovation. Professionalism. Excellence. Experience the difference professional, award-winning management can make!","Other Associations (Hotel, Resort etc.); Homeowners Association (50-99 units); Condominium Association (50-99 units); Homeowners Association (100+ units); Condominium Association (100+ units); Mobile Home Community","other; hoa",No,"https://d39j5ukfqdmgtw.cloudfront.net/45258/dd2239a9-b2ae-4468-8007-0ed0141d9391","",2026-01-30T01:30:46.339Z,2026-01-30T02:50:46.466Z,""
45259,"HOA Organizers","9030 35th Avenue SW, Suite 100","Seattle","WA","98123","matt@hoaorganizers.com","Matt","","Matt","hoaorganizers.com","https://hoaorganizers.com","(833) 446-2674","HOA Organizers | HOA Management | California &amp; Washington","Award-winning full service, on-site, and financial management for community associations across California and Washington. HOA Organizers - Innovation, Professionalism, Excellence  Los Angeles, Orange County, Ventura, San Francisco, Bay Area, Northern California, Sacramento, Walnut Creek, San Jose, Seattle, Spokane, Tacoma, Bellingham, Bremerton, Everett, Kent","Nominated for Management Company of the Year by Washington State CAI! Innovation. Professionalism. Excellence. Experience the difference professional, award-winning management can make!","Other Associations (Hotel, Resort etc.); Homeowners Association (50-99 units); Condominium Association (50-99 units); Homeowners Association (100+ units); Condominium Association (100+ units); Mobile Home Community","other; hoa",No,"https://d39j5ukfqdmgtw.cloudfront.net/45259/231ade8e-3fb3-4420-b458-cb0fa1788800","",2026-01-30T01:30:46.376Z,2026-01-30T02:50:46.676Z,""
45264,"Flota'cal","4152 independence ct ste c5","Sarasota","FL","34234","Office@flotacal.com","","","","flotacal.com","https://flotacal.com","(941) 202-2432","Florida Real Estate Listings – Explore Luxury Homes","Explore Florida real estate listings tailored to discerning buyers, from luxury homes to premier rentals, and connect with experts to secure your ideal property.","We are a fully licensed real estate brokerage in sunny Florida!  We buy/sell/invest as well as manage long term properties from single family homes to multi family apartments and commercial properties.  We also have a vacation rental division specializing in the Florida STR/ Vacation rental market!","Single Home or Condo ($500K to $1 Million); Single Home or Condo (Over $1 Million); Multi-Family (2-4 units); Multi-Family (5-19 units); Multi-Family (20-99 units); Vacation (1-2 units); Vacation (3+ units)","other; multifamily",No,"https://d39j5ukfqdmgtw.cloudfront.net/45264/64518e38-03d8-4d01-a811-a404ad755fe6","",2026-01-30T01:30:46.297Z,2026-01-30T02:50:47.217Z,""
45265,"On the Mark Property Management","5526 West 13400 South, Suite 417","Herriman","UT","84096","Info@onthemarkrentals.com","","","","onthemarkrentals.com","https://onthemarkrentals.com","+1801-429-9117","Home - On The Mark Property Management","COMMUNICATION GUARANTEEWe will send you an informative report every single month, or your Management Fees are waived! If you’re looking for accountability, Let’s Talk!I WANT A GUARANTEEQuarterly Property Condition ChecksWe protect the value of your asset! We’re in your property Every Quarter, checking on tenant compliance and property condition.Let’s talk about how to get that","At On The Mark, We Deliver TARGETED RESULTS!","Single Home or Condo ($300 to $500K); Single Home or Condo ($500K to $1 Million); Multi-Family (2-4 units)","other; multifamily",No,"https://d39j5ukfqdmgtw.cloudfront.net/45265/5426528c-21db-427a-a583-7d234b8bce66","",2026-01-30T01:30:46.303Z,2026-01-30T02:50:47.893Z,""
45270,"RealManage","Serving Nashville","Nashville","TN","37011","","","","","","","","","","Setting a New Standard for Community Management. We simplify HOA management so you can focus on what matters most — realizing the full vision for your community.","Homeowners Association (100+ units); Condominium Association (100+ units)","hoa",No,"https://d39j5ukfqdmgtw.cloudfront.net/45270/83100720-b5fd-46d5-a54f-2848e02bbe0b","",2026-01-30T01:30:46.298Z,2026-01-30T02:50:47.994Z,""
45271,"Partners Real Estate Management","5950 NW 1st Place, Suite 135","Gainesville","FL","32607","mary@partnersrem.com","Mary","","Mary","partnersrem.com","https://partnersrem.com","","","","Partnering to create win-win relationships.SM","Office (Up to 9,999 sqft); Office (10,000 - 100,000 sqft); Office (100,000+ sqft); Retail (Up to 9,999 sqft); Retail (10,000 - 100,000 sqft); Retail (100,000+ sqft); Light Manufacturing (Up to 100,000 sqft); Light Manufacturing (100,000+ sqft); Warehouse/Distribution (Up to 100,000 sqft); Warehouse/Distribution (100,000+ sqft); Parking Garage; Biotech/Mission-Critical","commercial; other",No,"https://d39j5ukfqdmgtw.cloudfront.net/45271/fc7ae9ed-a07e-4d38-b16d-4eea52f4cfb2","",2026-01-30T01:30:46.355Z,2026-01-30T02:50:48.822Z,""
45272,"RealManage","Serving Tucson","Tucson","AZ","85641","","","","","","","","","","Setting a New Standard for Community Management. We simplify HOA management so you can focus on what matters most — realizing the full vision for your community.","Homeowners Association (100+ units); Condominium Association (100+ units)","hoa",No,"https://d39j5ukfqdmgtw.cloudfront.net/45272/6b98d485-4512-4e35-818b-776f66cf282e","",2026-01-30T01:30:46.301Z,2026-01-30T02:50:48.923Z,""
45276,"RealManage","Serving","Los angeles","CA","90001","","","","","","","","","","Setting a New Standard for Community Management. We simplify HOA management so you can focus on what matters most — realizing the full vision for your community.","Homeowners Association (100+ units); Condominium Association (100+ units)","hoa",No,"https://d39j5ukfqdmgtw.cloudfront.net/45276/9e4d5ffd-c8d1-4027-ad9a-4ad74d2f34db","",2026-01-30T01:30:46.424Z,2026-01-30T02:50:49.024Z,""
45277,"RealManage","Serving Orange County","Orange County","CA","92806","","","","","","","","","","Setting a New Standard for Community Management. We simplify HOA management so you can focus on what matters most — realizing the full vision for your community.","Homeowners Association (100+ units); Condominium Association (100+ units)","hoa",No,"https://d39j5ukfqdmgtw.cloudfront.net/45277/1a53c0b8-4ca8-4d34-9c05-5e02f89ced0d","",2026-01-30T01:30:46.323Z,2026-01-30T02:50:49.125Z,""
45278,"RealManage","1155 Kelly Johnson Blvd, Suite 495","Colorado Springs","CO","80920","","","","","","","","","","Setting a New Standard for Community Management. We simplify HOA management so you can focus on what matters most — realizing the full vision for your community.","Homeowners Association (100+ units); Condominium Association (100+ units)","hoa",No,"https://d39j5ukfqdmgtw.cloudfront.net/45278/b6ddb873-ba5c-4a7b-8891-33d28893924e","",2026-01-30T01:30:46.385Z,2026-01-30T02:50:49.226Z,""
45280,"High Voltage Property Management","5561 N Gate Rd. #6991","Granbury","TX","76049","office@highvoltage.lease","","","","highvoltage.lease","https://highvoltage.lease","","Home","","We are here to serve, not just sell. We take care of your investment like it was our own.","Single Home or Condo (Valued up to $300K); Single Home or Condo ($300 to $500K); Single Home or Condo ($500K to $1 Million); Single Home or Condo (Over $1 Million); Multi-Family (2-4 units)","other; multifamily",No,"https://d39j5ukfqdmgtw.cloudfront.net/45280/5acb0f62-294d-438e-931f-8bbd8c9b7c2c","",2026-01-30T01:30:46.614Z,2026-01-30T02:50:50.589Z,""
45288,"Green Light Property Management","1909 Central Drive suite 110","Bedford","TX","76021","howie@glpropertymanagement.com,new-deal723bcc521c@newlead.leadsimple.com","Howie","","Howie","glpropertymanagement.com","https://glpropertymanagement.com","(817) 200-7982","Dallas-Fort Worth Property Management | Green Light Property Management","We are a full service property management company serving the North Texas area. Let us manage your investment with our flexible lease options and tenant screening process. Call 817-230-8201 for more information.","Being voted a top property management company in Dallas as well as Fort Worth for multiple years in a row, we invite you to reach out to us and find out for yourself why we are your best choice as a property manager.","Single Home or Condo (Valued up to $300K); Single Home or Condo ($300 to $500K); Single Home or Condo ($500K to $1 Million); Single Home or Condo (Over $1 Million); Multi-Family (2-4 units); Multi-Family (5-19 units); Multi-Family (20-99 units); Multi-Family (100+ units)","other; multifamily",No,"https://d39j5ukfqdmgtw.cloudfront.net/45288/8e2c6bde-c163-40dc-9fa2-1d2614340d57","",2026-01-30T01:30:46.621Z,2026-01-30T02:50:52.103Z,""
45293,"PMI ATX Properties","429 Sunfish Street","Austin","TX","78734","ggunwall@pmiatxproperties.com,new-dealea5f162451@newlead.leadsimple.com","Ggunwall","","Ggunwall","pmiatxproperties.com","https://pmiatxproperties.com","+1-512-651-4255","Austin Property Management | PMI ATX Properties","The trusted choice for Austin Property Management.PMI ATX Properties","STR Property Management locally owned and operated in Austin, TX. Transparency, communication, quality and trust sets us apart from the rest.","Vacation (1-2 units); Vacation (3+ units)","other",No,"https://d39j5ukfqdmgtw.cloudfront.net/45293/b4bb1a3a-9acb-4249-9569-95597c2e5cf3","",2026-01-30T01:30:46.614Z,2026-01-30T02:50:53.609Z,""
45310,"Nadlan Management","1545 NW 8 Ave","Miami","FL","33136","Sid@nadlanre.com","Sid","","Sid","nadlanre.com","https://nadlanre.com","(571) 912-8487","Nadlan Property Management - Home","Nadlan Management: Miami Property Management","""Maximize Your Property's Potential with Our Expert Management""","Single Home or Condo (Valued up to $300K); Single Home or Condo ($300 to $500K); Multi-Family (2-4 units); Multi-Family (5-19 units); Multi-Family (20-99 units)","other; multifamily",No,"https://d39j5ukfqdmgtw.cloudfront.net/45310/bb7602e5-fbcc-4a00-8e55-dba9d108d5cb","",2026-01-30T01:30:46.614Z,2026-01-30T02:51:00.461Z,""
45326,"HH Property Management","1653 N Delaware St","Indianapolis","IN","46202","ray@usaterra.com,malcolm@hhpmservices.com","Ray","","Ray","usaterra.com","https://usaterra.com","Invest With Us","Terra Capital","","Bringing the modern resident experience to small multifamily properties, passing the savings onto landlords","Multi-Family (2-4 units); Multi-Family (5-19 units); Multi-Family (20-99 units)","multifamily",No,"https://d39j5ukfqdmgtw.cloudfront.net/45326/49d0320a-92c0-4c84-a7e8-c5a39f242a66","",2026-01-30T01:30:46.615Z,2026-01-30T02:51:00.692Z,""
45332,"SBB Management Company – Houston","6630 Cypresswood Dr. , Suite 100","Spring","TX","77379","V.Burch@SBBManagement.com,c.aiken@sbbmanagement.com,mitch.krauss@goodwintx.com","V","Burch","V Burch","sbbmanagement.com","https://sbbmanagement.com","(972) 960-2800","SBB Community Management: Texas HOA Management","SBB Community Management is your trusted partner for community association management in Dallas &amp; Houston, Texas. We are dedicated to delivering excellence in HOA management","SBB Management Company, based in Houston and Dallas, TX, specializes in HOA management with a focus on quality over quantity. With over 50 years of experience, SBB prioritizes effective and friendly management for its partners. They offer progressive technology solutions, including clear status reporting, task management, detailed financial reporting, and online architectural application processes. SBB manages various property types, including homeowners associations and condominium associations of different sizes. For a trusted HOA management experience, reach out to SBB today.","Homeowners Association (2-49 units); Homeowners Association (50-99 units); Condominium Association (2-49 units); Condominium Association (50-99 units); Homeowners Association (100+ units); Condominium Association (100+ units)","other; hoa",No,"https://d39j5ukfqdmgtw.cloudfront.net/45332/55aa3bf8-fb1f-4a96-9222-2e766e58ce39","",2026-01-30T01:30:46.632Z,2026-01-30T02:51:03.191Z,""
45351,"HOA Desk","325 N Saint Paul Street STE 3100","Dallas","TX","75201","contact@hoadesk.com","","","","hoadesk.com","https://hoadesk.com"," 855-HOA-DESK","HOA Desk","HOA Desk is your trusted community and HOA management companion! We strive to elevate your experience through transparency and technology.","We Make Management Effortless.","Homeowners Association (2-49 units); Homeowners Association (50-99 units); Condominium Association (2-49 units); Condominium Association (50-99 units); Homeowners Association (100+ units); Condominium Association (100+ units)","other; hoa",No,"https://d39j5ukfqdmgtw.cloudfront.net/45351/c6d94138-7cfb-4859-9858-a540604bad4e","",2026-01-30T01:30:46.641Z,2026-01-30T02:51:03.828Z,""
45477,"PMI Adventure Coast","9248 Belvedere St","Spring Hill","FL","34608","info@pmiadventurecoast.com","","","","pmiadventurecoast.com","https://pmiadventurecoast.com","+1-352-403-2220","Brooksville Association Management | PMI Adventure Coast","The trusted choice for Brooksville Association Management.PMI Adventure Coast","Hernando County's most responsive Association Management Company!!!","Homeowners Association (2-49 units); Homeowners Association (50-99 units); Condominium Association (2-49 units); Condominium Association (50-99 units); Homeowners Association (100+ units); Condominium Association (100+ units)","other; hoa",No,"https://d39j5ukfqdmgtw.cloudfront.net/45477/82511570-4418-465a-81f6-9de160d1c29a","",2026-01-30T01:30:46.615Z,2026-01-30T02:51:04.735Z,""
45493,"Midtowne Realty","727 Fulton Street","Fort Wayne","IN","46802","mitchell@midtownerealty.net","Mitchell","","Mitchell","midtownerealty.net","https://midtownerealty.net","","","","We help owners, tenants and our community thrive by managing property well.","Single Home or Condo (Valued up to $300K); Multi-Family (5-19 units); Multi-Family (20-99 units); Multi-Family (100+ units)","other; multifamily",No,"https://d39j5ukfqdmgtw.cloudfront.net/45493/5ea53492-7880-4c9d-83ea-da084a5a2d48","",2026-01-30T01:30:46.619Z,2026-01-30T02:51:05.284Z,""
45501,"The Agency Group Real Estate, LLC","10 Running Branch Lane Summerville","Manassas","VA","20115","caitlin.angelo@nexthometheagencygroup.com","Caitlin","Angelo","Caitlin Angelo","nexthometheagencygroup.com","https://nexthometheagencygroup.com","","","","","Single Home or Condo (Valued up to $300K); Single Home or Condo ($300 to $500K); Single Home or Condo ($500K to $1 Million); Single Home or Condo (Over $1 Million); Multi-Family (2-4 units); Multi-Family (5-19 units); Multi-Family (20-99 units); Multi-Family (100+ units)","other; multifamily",No,"https://d39j5ukfqdmgtw.cloudfront.net","",2026-01-30T01:30:46.632Z,2026-01-30T02:51:05.507Z,""
45511,"Next Step Property Management","280 Rue Petit Bois, Suite 103","Biloxi","MS","39531","new-deald47363b7ef@newlead.leadsimple.com","New","Deald47363b7ef","New Deald47363b7ef","newlead.leadsimple.com","https://newlead.leadsimple.com","","","","Helping you take your next step.","Single Home or Condo (Valued up to $300K); Single Home or Condo ($300 to $500K); Multi-Family (2-4 units); Vacation (1-2 units); Vacation (3+ units)","other; multifamily",No,"https://d39j5ukfqdmgtw.cloudfront.net/45511/9cdbf736-8170-4302-b75f-7412d97a3c80","",2026-01-30T01:30:46.682Z,2026-01-30T02:51:05.631Z,""
45514,"Brevard Property Experts & Management","2955 Pineda Plaza Way Suite 216","Melbourne","FL","32940","colleen@bpemfl.com,snieroda@gmail.com","Colleen","","Colleen","bpemfl.com","https://bpemfl.com","+1-321-369-9961","Home | Brevard Property Exp","","WE ARE HERE LOCALLY!!!! Take the stress out of managing your property! Sign up for our professional property management services today and get your FIRST MONTH FREE.  Contact us now to get started!","Single Home or Condo (Valued up to $300K); Single Home or Condo ($300 to $500K); Single Home or Condo ($500K to $1 Million); Multi-Family (2-4 units); Multi-Family (5-19 units)","other; multifamily",No,"https://d39j5ukfqdmgtw.cloudfront.net/45514/6296241f-9ccd-4f7f-ae90-4d40ebea1edf","",2026-01-30T01:30:46.620Z,2026-01-30T02:51:06.441Z,""
45577,"PMI Stumptown","704 Main St, ste 220","OREGON CITY","OR","97045","tclouse@pmistumptown.com","Tclouse","","Tclouse","pmistumptown.com","https://pmistumptown.com","+1-503-447-4224","Oregon City Property Management | PMI Stumptown","The trusted choice for Oregon City Property Management.PMI Stumptown","We are The Property Management People™. We open doors to a better life™ by ensuring less worry and more opportunity for everyone we serve.","Single Home or Condo (Valued up to $300K); Single Home or Condo ($300 to $500K); Single Home or Condo ($500K to $1 Million); Single Home or Condo (Over $1 Million); Multi-Family (2-4 units); Office (Up to 9,999 sqft); Office (10,000 - 100,000 sqft)","other; multifamily; commercial",No,"https://d39j5ukfqdmgtw.cloudfront.net/45577/b5a4bc52-4817-4450-80d2-54f5f541bfdd","",2026-01-30T01:30:46.614Z,2026-01-30T02:51:07.738Z,""
45585,"Central Florida Realty Management","467  Lake Howell Road, Suite 209","Maitland","FL","32751","kevan@cfrmanage.com","Kevan","","Kevan","cfrmanage.com","https://cfrmanage.com","(407) 542-4403","Maitland Property Management  | Central Florida Realty Management  | Maitland FL","CFRM is your Maitland property management partner. We provide full-service property management and leasing services to property owners by building trust through exceptional service. Contact Central Florida Realty today.","CFRM provides third-party property management and lease up services for all types of residential properties in Central Florida. We do this by building trust through providing exceptional service.","Single Home or Condo (Valued up to $300K); Single Home or Condo ($300 to $500K); Single Home or Condo ($500K to $1 Million); Single Home or Condo (Over $1 Million)","other",No,"https://d39j5ukfqdmgtw.cloudfront.net/45585/32cae7af-3278-48bf-924a-7dc86a8ba5d4","",2026-01-30T01:30:46.611Z,2026-01-30T02:51:08.552Z,""
45609,"Operation HOA Property Management","remote","Colorado Springs","CO","80909","Operationhoapm@gmail.com","Operationhoapm","","Operationhoapm","","","","","","""Executing Excellence, One HOA at a Time.""","Homeowners Association (2-49 units); Homeowners Association (50-99 units); Condominium Association (2-49 units); Condominium Association (50-99 units); Homeowners Association (100+ units); Condominium Association (100+ units)","other; hoa",No,"https://d39j5ukfqdmgtw.cloudfront.net/45609/26a93d8c-beac-4b46-8761-9867c80be672","",2026-01-30T01:30:46.628Z,2026-01-30T02:51:08.653Z,""
45617,"Operation HOA Property Management","310 Cleveland Ave SE","Tumwater","WA","98501","Hoapms0823@gmail.com","Hoapms","","Hoapms","","","","","","""Executing Excellence, One HOA at a Time.""","Homeowners Association (2-49 units); Homeowners Association (50-99 units); Condominium Association (2-49 units); Condominium Association (50-99 units); Homeowners Association (100+ units); Condominium Association (100+ units)","other; hoa",No,"https://d39j5ukfqdmgtw.cloudfront.net/45617/36f9ca58-3aab-48a8-a7e5-5998b8d164d4","",2026-01-30T01:30:46.625Z,2026-01-30T02:51:08.755Z,""
45618,"Operation HOA Property Management","-","Montana","MT","59901","Operationhoapm@gmail.com","Operationhoapm","","Operationhoapm","","","","","","""Executing Excellence, One HOA at a Time.""","Homeowners Association (2-49 units); Homeowners Association (50-99 units); Condominium Association (2-49 units); Condominium Association (50-99 units); Homeowners Association (100+ units); Condominium Association (100+ units)","other; hoa",No,"https://d39j5ukfqdmgtw.cloudfront.net/45618/8c8afa57-700e-42e2-82cd-ea8b1d2a93bf","",2026-01-30T01:30:46.605Z,2026-01-30T02:51:08.856Z,""
45625,"Philly Property Management","1135 Brandywine Street","Philadelphia","PA","19123","thephillypm@gmail.com","Thephillypm","","Thephillypm","","","","","","Let Philly Property Management partner with you ... to simplify your life and grow your business.","Single Home or Condo (Valued up to $300K); Single Home or Condo ($300 to $500K); Single Home or Condo ($500K to $1 Million); Single Home or Condo (Over $1 Million); Multi-Family (2-4 units)","other; multifamily",No,"https://d39j5ukfqdmgtw.cloudfront.net/45625/97063778-17c5-485f-8b61-3af4173c919a","",2026-01-30T01:30:46.632Z,2026-01-30T02:51:08.957Z,""
45631,"Vizor Realty","11900 NE 1st Street ste 300","Bellevue","WA","98005","lee@vizorrealty.com,support@vizorrealty.com","Lee","","Lee","vizorrealty.com","https://vizorrealty.com","(425) 820-9600","Your Trusted Partner in Real Estate Solutions""","&quot;Discover the ultimate real estate experience with Vizor Realty. Our dedicated team is committed to finding your dream property or selling your current one. Explore a world of possibilities with Vizor Realty today.&quot;","Affordable HOA Management Tailored for Small Communities","Homeowners Association (2-49 units)","other",No,"https://d39j5ukfqdmgtw.cloudfront.net/45631/0ceffeb7-d23f-4116-92a0-7a8be21cad3a","",2026-01-30T01:30:46.643Z,2026-01-30T02:51:10.085Z,""
45632,"Davey Goosmann Property Management","600 Strada Circle Ste 212","Mansfield","TX","76063","bob.goosmann@gmail.com,deedavey50@gmail.com","Bob","Goosmann","Bob Goosmann","","","","","","Always There For You","Single Home or Condo ($300 to $500K); Single Home or Condo ($500K to $1 Million)","other",No,"https://d39j5ukfqdmgtw.cloudfront.net/45632/734b5168-cfb6-4c65-a9c2-03938d8591b6","",2026-01-30T01:30:46.632Z,2026-01-30T02:51:10.187Z,""
45711,"Golde Real Estate LLC","1800 S. Brentwood BLVD, APT 633","Saint Louis","MO","63144","mikejgolde@gmail.com","Mikejgolde","","Mikejgolde","","","","","","500+ units leased and managed. 10+ years experience.","Multi-Family (2-4 units); Multi-Family (5-19 units); Multi-Family (20-99 units); Multi-Family (100+ units)","multifamily; other",No,"https://d39j5ukfqdmgtw.cloudfront.net/45711/6507bcda-163e-4606-9ebe-ce145eddc3df","",2026-01-30T01:30:46.858Z,2026-01-30T02:51:10.288Z,""
45714,"South Florida Brokers & Associates","14411 Commerce Way, Suite 424","Miami Lakes","FL","33016","nikkizarazun@gmail.com,david@arealtyteam.com,froilan@arealtyteam.com","Nikkizarazun","","Nikkizarazun","","","","","","Offering Boutique Property Management Services for the individual investor","Single Home or Condo (Valued up to $300K); Single Home or Condo ($300 to $500K); Single Home or Condo ($500K to $1 Million); Single Home or Condo (Over $1 Million); Multi-Family (2-4 units); Multi-Family (5-19 units)","other; multifamily",No,"https://d39j5ukfqdmgtw.cloudfront.net/45714/075cbd07-9b5e-4e34-9f1a-3293a33156c0","",2026-01-30T01:30:46.883Z,2026-01-30T02:51:10.389Z,""
45723,"Fourte International Real Estate","212 Pompton Ave","Verona","NJ","07044","mary@fourterealestate.com,propertymanagement@fourterealestate.com","Mary","","Mary","fourterealestate.com","https://fourterealestate.com","","","","Your Full-Service Real Estate & Property Management Partner – Excellence in Every Lease.","Single Home or Condo (Valued up to $300K); Single Home or Condo ($300 to $500K); Single Home or Condo ($500K to $1 Million); Single Home or Condo (Over $1 Million); Multi-Family (2-4 units); Multi-Family (5-19 units); Multi-Family (20-99 units); Office (Up to 9,999 sqft); Retail (Up to 9,999 sqft)","other; multifamily; commercial",No,"https://d39j5ukfqdmgtw.cloudfront.net/45723/916084cb-3dd5-4e9e-a800-297dbabe8371","",2026-01-30T01:30:46.865Z,2026-01-30T02:51:10.885Z,""
45754,"Rockfort Management","201 Saint Pauls Ave","Jersey City","NJ","07306","seankilby@rockfortmanagement.com","Seankilby","","Seankilby","rockfortmanagement.com","https://rockfortmanagement.com","(201) 798-3330","Property Management Group | Rockfort Management","Rockfort Management is a leading property management group offering comprehensive property management solutions.","A foundation for Successful Properties","Homeowners Association (100+ units); Condominium Association (100+ units)","hoa",No,"https://d39j5ukfqdmgtw.cloudfront.net/45754/e45dbc52-e11a-4057-908c-31a6efaf4af5","",2026-01-30T01:30:46.958Z,2026-01-30T02:51:11.272Z,""
45766,"Real Property Management Pulse","5950 Roe Ave","Mission","KS","66205","holly@rpmpulse.com,justin@rpmpulse.com,new-deale818eb881b@newlead.leadsimple.com","Holly","","Holly","rpmpulse.com","https://rpmpulse.com","(913) 712-4470","Residential Property Management in Mission, KS | Real Property Management Pulse","","We do more than manage properties. We deliver peace of mind!","Single Home or Condo (Valued up to $300K); Single Home or Condo ($300 to $500K); Single Home or Condo ($500K to $1 Million); Single Home or Condo (Over $1 Million); Multi-Family (2-4 units)","other; multifamily",No,"https://d39j5ukfqdmgtw.cloudfront.net/45766/479ec6ef-013b-407f-a006-001717455313","",2026-01-30T01:30:47.060Z,2026-01-30T02:51:12.482Z,""
45774,"Real Property Management Quest","214 S. Main St. Suite 214","Duncanville","TX","75116","clayton@rpmquest.com","Clayton","","Clayton","rpmquest.com","https://rpmquest.com","(214) 550-9311","Residential Property Management in Duncanville, TX | Real Property Management Quest","","We do more than manage properties. We deliver peace of mind.","Single Home or Condo (Valued up to $300K); Single Home or Condo ($300 to $500K); Single Home or Condo ($500K to $1 Million); Single Home or Condo (Over $1 Million); Multi-Family (2-4 units)","other; multifamily",No,"https://d39j5ukfqdmgtw.cloudfront.net/45774/0f627e99-fe1d-4380-99c9-eab6f9192473","",2026-01-30T01:30:46.991Z,2026-01-30T02:51:13.695Z,""
45775,"Intempus Management","5100 W. Copans Rd., Ste 410","Margate","FL","33063","ekorsunsky@intempus.net,mforcier@intempus.net,zap.am@intempus.net,Gcruz@intempus.net","Ekorsunsky","","Ekorsunsky","intempus.net","https://intempus.net","","","","Reliable HOA Management for Florida Communities.","Multi-Family (100+ units); Homeowners Association (2-49 units); Homeowners Association (50-99 units); Condominium Association (2-49 units); Condominium Association (50-99 units); Homeowners Association (100+ units); Condominium Association (100+ units)","other; hoa",No,"https://d39j5ukfqdmgtw.cloudfront.net/45775/adaf2314-2eb5-4185-8f70-bee6a5b12fce","",2026-01-30T01:30:46.880Z,2026-01-30T02:51:14.006Z,""
45785,"Virginia Property Management Group","10304 Eaton Place, Suite 100","Fairfax","VA","22030","alexia@shepherdhomesgroup.com","Alexia","","Alexia","shepherdhomesgroup.com","https://shepherdhomesgroup.com","","","","Virginia's best property management company!","Single Home or Condo (Valued up to $300K); Single Home or Condo ($300 to $500K); Single Home or Condo ($500K to $1 Million); Single Home or Condo (Over $1 Million); Multi-Family (2-4 units); Multi-Family (5-19 units); Multi-Family (20-99 units); Multi-Family (100+ units)","other; multifamily",No,"https://d39j5ukfqdmgtw.cloudfront.net/45785/f8864c8b-dd7b-4ead-b996-314c0c82e544","",2026-01-30T01:30:46.871Z,2026-01-30T02:51:14.423Z,""
45790,"NeXstep Real Estate Group","4675 Red Deer Trail","Broomfield","CO","80020","clint@nexsteprealestate.com,ryan@nexsteprealestate.com","Clint","","Clint","nexsteprealestate.com","https://nexsteprealestate.com","(303) 398-7012","Home - NeXstep Real Estate Group","","WE ARE A LOCAL FLAT FEE PROPERTY MANAGEMENT COMPANY WITH NO HIDDEN FEES!!!","Single Home or Condo (Valued up to $300K); Single Home or Condo ($300 to $500K); Single Home or Condo ($500K to $1 Million); Single Home or Condo (Over $1 Million); Multi-Family (2-4 units)","other; multifamily",No,"https://d39j5ukfqdmgtw.cloudfront.net/45790/8ed36705-261a-40de-93c1-23499111cc72","",2026-01-30T01:30:46.903Z,2026-01-30T02:51:16.893Z,""
45797,"Kerber Property Management Co.","P.O. Box 400","Maumee","OH","43537","info@kerberproperties.com","","","","kerberproperties.com","https://kerberproperties.com","(419) 874-9000","Home - Kerber Property Management","The Premier Management Company for Residential and Commercial Management","Our property management services can be personalized to meet your specific property’s needs. We support many different businesses and work with a number of residential and commercial clients.","Multi-Family (2-4 units); Multi-Family (5-19 units); Multi-Family (20-99 units); Office (Up to 9,999 sqft); Office (10,000 - 100,000 sqft); Office (100,000+ sqft); Retail (Up to 9,999 sqft); Retail (10,000 - 100,000 sqft); Light Manufacturing (Up to 100,000 sqft); Light Manufacturing (100,000+ sqft); Warehouse/Distribution (Up to 100,000 sqft); Warehouse/Distribution (100,000+ sqft); Multi-Family (100+ units)","multifamily; commercial; other",No,"https://d39j5ukfqdmgtw.cloudfront.net/45797/f7f9175a-3c40-4530-83e0-ecbd5564305e","",2026-01-30T01:30:46.903Z,2026-01-30T02:51:18.079Z,""
45844,"Vestra Realty Group LLC","Remote Team, No Public Office","Aurora","CO","80016","brandon@vestrarealty.com,Scott@vestrarealty.com,Mitch@vestrarealty.com","Brandon","","Brandon","vestrarealty.com","https://vestrarealty.com","","","","Property Management, Reimagined: Transparent, Conflict-Free, and Built for Results.","Single Home or Condo ($300 to $500K); Single Home or Condo ($500K to $1 Million); Single Home or Condo (Over $1 Million)","other",No,"https://d39j5ukfqdmgtw.cloudfront.net/45844/7da0fcad-88a9-4cc9-8627-1c7c66f05824","",2026-01-30T01:30:46.878Z,2026-01-30T02:51:18.509Z,""
45870,"Real Estate Management Solutions","2225 Village Walk Dr. #260","Henderson","NV","89052","looking4homeslv@gmail.com","Looking4homeslv","","Looking4homeslv","","","","","","Real Estate Management Solutions is a property management company in Las Vegas established with the purpose of addressing the industry’s needs for exceptional property management services tailored to the satisfaction of property owners, vendors, and tenants.","Vacation (1-2 units); Vacation (3+ units)","other",No,"https://d39j5ukfqdmgtw.cloudfront.net/45870/5a631458-8f3f-41bd-8579-3e3c08f043f0","",2026-01-30T01:30:47.052Z,2026-01-30T02:51:18.610Z,""
45889,"Mission City Property Management","7 W Figueroa st, Suite 318","Santa Barbara","CA","93101","Info@missioncitypm.com,daniel@missioncitypm.com","","","","missioncitypm.com","https://missioncitypm.com","+1805-319-7000","Santa Barbara Property Management, Santa Barbara Property Managers, Santa Barbara Property Management Company | Mission City Property Management","The trusted choice for Santa Barbara Property Management.Mission City Property Management","Your Property, Our Mission!","Single Home or Condo (Valued up to $300K); Single Home or Condo ($300 to $500K); Single Home or Condo ($500K to $1 Million); Single Home or Condo (Over $1 Million); Multi-Family (2-4 units); Multi-Family (5-19 units); Multi-Family (20-99 units); Multi-Family (100+ units)","other; multifamily",No,"https://d39j5ukfqdmgtw.cloudfront.net/45889/c8a1ad4b-72c0-4ca0-bdff-11ab21101fe3","",2026-01-30T01:30:46.863Z,2026-01-30T02:51:19.633Z,""
45895,"Angelo Rentals Property Management","5028 -A Knickerbocker Rd","San Angelo","TX","76904","aaron_nelson@live.com","Aaron","Nelson","Aaron Nelson","","","","","","Your Property, Our Priority","Single Home or Condo (Valued up to $300K); Single Home or Condo ($300 to $500K); Single Home or Condo ($500K to $1 Million); Single Home or Condo (Over $1 Million); Multi-Family (2-4 units); Multi-Family (5-19 units); Multi-Family (20-99 units); Office (Up to 9,999 sqft); Office (10,000 - 100,000 sqft); Office (100,000+ sqft); Retail (Up to 9,999 sqft); Retail (10,000 - 100,000 sqft); Retail (100,000+ sqft); Light Manufacturing (Up to 100,000 sqft); Light Manufacturing (100,000+ sqft); Warehouse/Distribution (Up to 100,000 sqft); Warehouse/Distribution (100,000+ sqft); Multi-Family (100+ units); Homeowners Association (2-49 units); Homeowners Association (50-99 units); Condominium Association (2-49 units); Condominium Association (50-99 units); Homeowners Association (100+ units); Condominium Association (100+ units); Mobile Home Community","other; multifamily; commercial; hoa",No,"https://d39j5ukfqdmgtw.cloudfront.net/45895/5c19c37b-38a5-4f2f-a618-02beeb2fed2d","",2026-01-30T01:30:46.880Z,2026-01-30T02:51:19.734Z,""
45912,"American Destiny Real Estate","400 Southpointe Blvd, Suite 410","Canonsburg","PA","15317","kcrase@adr-usa.com","Kcrase","","Kcrase","adr-usa.com","https://adr-usa.com","(724) 745-5969","National Agent Database &#8211; Real Estate, Real Simple","","AMERICAN DESTINY REAL ESTATE HELPS CLIENTS WITH ALL THEIR PROPERTY MANAGEMENT NEEDS With the right kind of management support from American Destiny Real Estate, we can manage your property so you turn a steady profit on your rental property.","Single Home or Condo (Valued up to $300K); Single Home or Condo ($300 to $500K); Single Home or Condo ($500K to $1 Million); Single Home or Condo (Over $1 Million); Multi-Family (2-4 units); Multi-Family (5-19 units); Multi-Family (20-99 units); Multi-Family (100+ units)","other; multifamily",No,"https://d39j5ukfqdmgtw.cloudfront.net/45912/0a557f4a-b8ed-4493-b52a-c346342e5ca6","",2026-01-30T01:30:46.871Z,2026-01-30T02:51:23.563Z,""
45929,"Menas HOA Management, a Diversified Company","7592 Metropolitan Drive","Riverside County","CA","92108","jmenas@menas.com","Jmenas","","Jmenas","menas.com","https://menas.com","(858) 602-3470","Southern California and the Phoenix metropolitan area HOA Management | Menas HOA Management","Menas Realty is a Southern California and the Phoenix metropolitan area Homeowners Associations (HOA) and property management company offering comprehensive services in the property management industry.","We have a very unique business model, unlike any other company out there.  I know because I was once a CEO of a large HOA management company myself.   I look forward to telling you all about it.","Homeowners Association (2-49 units); Homeowners Association (50-99 units); Condominium Association (2-49 units); Condominium Association (50-99 units); Homeowners Association (100+ units); Condominium Association (100+ units)","other; hoa",No,"https://d39j5ukfqdmgtw.cloudfront.net","",2026-01-30T01:30:46.962Z,2026-01-30T02:51:23.995Z,""
45935,"Corner Property Management, LLC","721 Dresher Rd","Horsham","PA","19044","larry.sauer@cp-management.com,Tony.nardone@cp-management.com,Andrew.batshaw@cp-management.com","Larry","Sauer","Larry Sauer","cp-management.com","https://cp-management.com","(973) 376-3925","Property Management Company NJ | Corner Property Management NJ","Corner Property Management of New Jersey, The professional, full-service property management company trusted by countless properties ranging from modest to luxury.","Corner Property Management, LLC offers professional association property management services to handle the needs of homeowners and condominium associations. Their experienced association managers provide guidance to the board of directors regarding governance and oversee the day-to-day management of the property. Services typically include dues collection, financial services, 24-hour emergency response, communication management with homeowners and vendors/contractors, and more. They manage various property types, including offices, retail spaces, homeowners associations, and condominium associations of different sizes, offering efficient and effective management tailored to each community's needs.","Homeowners Association (50-99 units); Condominium Association (50-99 units); Homeowners Association (100+ units); Condominium Association (100+ units)","hoa",No,"https://d39j5ukfqdmgtw.cloudfront.net/45935/85f0d742-8b56-47f9-97d8-0858b538eddd","",2026-01-30T01:30:46.890Z,2026-01-30T02:51:26.158Z,""
45949,"HomesForNow","14870 Granada Ave, Suite 288","Apple Valley","MN","55124","tomw@HomesForNow.com","Tomw","","Tomw","homesfornow.com","https://homesfornow.com","(952) 953-9606","Homes For Now: Property Management in the Twin Cities","Homes For Now offers reliable property management services in the Minneapolis-St. Paul area. We also have residential rental properties available.","The Rental Professionals, for over 35 years","Single Home or Condo (Valued up to $300K); Single Home or Condo ($300 to $500K); Single Home or Condo ($500K to $1 Million); Single Home or Condo (Over $1 Million); Multi-Family (2-4 units)","other; multifamily",No,"https://d39j5ukfqdmgtw.cloudfront.net/45949/ade11e58-c9de-4939-b06c-01d058c751ea","",2026-01-30T01:30:46.936Z,2026-01-30T02:51:26.849Z,""
45968,"Collins Management","1300 First Street, Suite 368","Napa","CA","94559","PAUL@COLLINS-MGMT.COM","Paul","","Paul","collins-mgmt.com","https://collins-mgmt.com","(314) 192-5352","Collins Management","Collins Management is a California, Bay Area firm that provides  professional community association management services for Homeowners  Associations (HOAs), Condominiums, Commercial Associations, Mixed Use  Developments, Planned Unit Developments, Loft Associations and all other  Common Interest Developments.","Collins Management is expanding to Napa!","Homeowners Association (50-99 units); Condominium Association (50-99 units); Homeowners Association (100+ units); Condominium Association (100+ units)","hoa",No,"https://d39j5ukfqdmgtw.cloudfront.net/45968/bfcf9569-d9aa-4fa3-aa26-ae927e5ef317","",2026-01-30T01:30:46.871Z,2026-01-30T02:51:27.726Z,""
45998,"Mid North Manager","P.O. Box 364","Pella","IA","50219","broker@midnorthproperties.com","Broker","","Broker","midnorthproperties.com","https://midnorthproperties.com","(515) 629-6991","Mid North Realty &amp; Property Management","Home and apartment rentals, real estate, and property management. Serving  Central and Southeast Iowa.","Quality Property Management to protect your investment.","Multi-Family (20-99 units); Multi-Family (100+ units)","multifamily; other",No,"https://d39j5ukfqdmgtw.cloudfront.net/45998/f16ef63d-cbdf-4c8d-a2f2-567a681d524f","",2026-01-30T01:30:46.863Z,2026-01-30T02:51:28.539Z,""
46015,"TPG Management","972 Broad St Suite 300","Newark","NJ","07102","leads@theperlagroup.net","Leads","","Leads","theperlagroup.net","https://theperlagroup.net","","TPG Companies","","Reliable Property Management in New Jersey Built by Investors. Powered by Experience. Committed to Residents.","Single Home or Condo (Valued up to $300K); Single Home or Condo ($300 to $500K); Single Home or Condo ($500K to $1 Million); Single Home or Condo (Over $1 Million); Multi-Family (2-4 units); Multi-Family (5-19 units); Multi-Family (20-99 units); Office (Up to 9,999 sqft); Retail (Up to 9,999 sqft); Multi-Family (100+ units)","other; multifamily; commercial",No,"https://d39j5ukfqdmgtw.cloudfront.net/46015/f43c4465-ec94-4e35-b278-b089f355dd90","",2026-01-30T01:30:47.240Z,2026-01-30T02:51:28.924Z,""
46031,"Properly Managed","6080 Industrial Rd","MISSOULA","MT","59808","properlymanaged@outlook.com","Properlymanaged","","Properlymanaged","","","","","","Finding great tenants for quality homes.","Single Home or Condo (Valued up to $300K); Single Home or Condo ($300 to $500K); Single Home or Condo ($500K to $1 Million); Multi-Family (2-4 units)","other; multifamily",No,"https://d39j5ukfqdmgtw.cloudfront.net/46031/f51b5e4b-5bff-44ca-900c-1b07a722c6c4","",2026-01-30T01:30:47.266Z,2026-01-30T02:51:29.025Z,""
46032,"Investment Realty, Inc. - Ft. Leonard Wood","473 Old Route 66","St. Robert","MO","65584","emily@inv-rel.com","Emily","","Emily","inv-rel.com","https://inv-rel.com","(573) 364-4050","Real Estate and Apartment Complexes in Rolla and St. Robert","Investment Realty, Inc. is a full-service real estate company serving the Rolla and St. Robert region, with multiple apartment complexes available to serve you.","The oldest and largest operating real estate company serving South Central Missouri.","Single Home or Condo (Valued up to $300K); Single Home or Condo ($300 to $500K); Single Home or Condo ($500K to $1 Million); Single Home or Condo (Over $1 Million); Multi-Family (2-4 units); Multi-Family (5-19 units); Multi-Family (20-99 units); Office (Up to 9,999 sqft); Office (10,000 - 100,000 sqft); Office (100,000+ sqft); Retail (Up to 9,999 sqft); Retail (10,000 - 100,000 sqft); Retail (100,000+ sqft); Light Manufacturing (Up to 100,000 sqft); Light Manufacturing (100,000+ sqft); Warehouse/Distribution (Up to 100,000 sqft); Warehouse/Distribution (100,000+ sqft); Parking Garage; Multi-Family (100+ units); Biotech/Mission-Critical","other; multifamily; commercial",No,"https://d39j5ukfqdmgtw.cloudfront.net/46032/721f18bd-7e6c-4c5c-acd9-fe1f7fb5b67b","",2026-01-30T01:30:47.315Z,2026-01-30T02:51:29.416Z,""
46074,"Garden Gate Property Management","10300 Eaton Pl #150","Fairfax","VA","22030","infovirginiapropertymanagement@gmail.com","Infovirginiapropertymanagement","","Infovirginiapropertymanagement","","","","","","Your Reliable & Hassle-Free Property Management Company","Single Home or Condo (Valued up to $300K); Single Home or Condo ($300 to $500K); Single Home or Condo ($500K to $1 Million); Single Home or Condo (Over $1 Million)","other",No,"https://d39j5ukfqdmgtw.cloudfront.net/46074/be1f3ac1-fbfa-4991-9973-bb5eb5d3ca47","",2026-01-30T01:30:47.313Z,2026-01-30T02:51:29.517Z,""
46081,"Golden Gate Portal","1160 Battery St suite 100","San Francisco","CA","94111","paul@goldengateportal.com","Paul","","Paul","goldengateportal.com","https://goldengateportal.com","(314) 192-5352","Golden Gate Portal","","Cost-effective and efficient property management solutions is my expertise.   Our unique blend of real estate and construction experience enables us to offer unmatched services in the industry. We're committed to assist you, irrespective of your decision to collaborate with us.","Single Home or Condo ($500K to $1 Million); Single Home or Condo (Over $1 Million); Multi-Family (2-4 units); Multi-Family (5-19 units); Multi-Family (20-99 units); Homeowners Association (2-49 units); Homeowners Association (50-99 units); Condominium Association (2-49 units); Condominium Association (50-99 units); Homeowners Association (100+ units); Condominium Association (100+ units)","other; multifamily; hoa",No,"https://d39j5ukfqdmgtw.cloudfront.net/46081/3c819a4a-cb8e-4a97-be50-d77c6df5b59f","",2026-01-30T01:30:47.296Z,2026-01-30T02:51:30.687Z,""
46097,"DMJ Properties LLC","3009 Greenline Rd.","Johnson City","TN","37604","dustinjeffers@kw.com","Dustinjeffers","","Dustinjeffers","kw.com","https://kw.com","","","","Full Service Property Management","Single Home or Condo (Valued up to $300K); Single Home or Condo ($300 to $500K); Single Home or Condo ($500K to $1 Million); Single Home or Condo (Over $1 Million); Multi-Family (2-4 units); Multi-Family (5-19 units); Multi-Family (20-99 units); Mobile Home Community","other; multifamily",No,"https://d39j5ukfqdmgtw.cloudfront.net/46097/9800d309-1377-45fb-bee8-31c15ab622ad","",2026-01-30T01:30:47.249Z,2026-01-30T02:51:30.995Z,""
46140,"Real Estate Store","1872 Airport Blvd Ste B","Mobile","AL","36606","tj@realestatestoregc.com","Tj","","Tj","realestatestoregc.com","https://realestatestoregc.com","","","","","Single Home or Condo (Valued up to $300K); Single Home or Condo ($300 to $500K); Single Home or Condo ($500K to $1 Million); Single Home or Condo (Over $1 Million); Multi-Family (2-4 units)","other; multifamily",No,"https://d39j5ukfqdmgtw.cloudfront.net","",2026-01-30T01:30:47.248Z,2026-01-30T02:51:41.098Z,""
46142,"PMP Management - Bay Area","505 Montgomery Street, Suite 1131","San Francisco","CA","94111","Amcox@pmpmanage.com","Amcox","","Amcox","pmpmanage.com","https://pmpmanage.com","+(888) 882-0588","Home - Property Management Professionals (PMP)","Professional HOA management services for communities. Customized solutions to boost property values, streamline operations, and enhance homeowner satisfaction.","“The community management industry, at its core, is a service industry, and we intend to continue to set the benchmark for exceptional service.”  – Brad Watson, President & CEO","Homeowners Association (50-99 units); Condominium Association (50-99 units); Homeowners Association (100+ units); Condominium Association (100+ units)","hoa",No,"https://d39j5ukfqdmgtw.cloudfront.net/46142/5717f2db-bf66-4e91-a46d-d02724b8289a","",2026-01-30T01:30:47.271Z,2026-01-30T02:51:41.496Z,""
46147,"Rossman Realty Property Management","1104 SE 46th Ln #2","Cape Coral","FL","33904","jody@rossmanrealty.com,jared@rossmanrealty.com","Jody","","Jody","rossmanrealty.com","https://rossmanrealty.com","","","","Highly motivated and ready to work for you!","Single Home or Condo (Valued up to $300K); Single Home or Condo ($300 to $500K); Single Home or Condo ($500K to $1 Million); Single Home or Condo (Over $1 Million)","other",No,"https://d39j5ukfqdmgtw.cloudfront.net/46147/615d083a-bcb5-4c87-9174-4783b4d121cb","",2026-01-30T01:30:47.258Z,2026-01-30T02:51:51.599Z,""
46149,"URHome Property Management","5933 NE Win Sivers Drive Ste 107,","Portland","OR","97220","james@urhomepm.com","James","","James","urhomepm.com","https://urhomepm.com","(503) 572-1077","URHome Property Management","Our mission is to create communities that provide maximum value to our  residents and our owners. Good living for the best rental cost. Properties  located in Portland Metro Areas. Contact us today - (503) 572-1077","Our mission is to create communities that provide maximum value to our residents and our owners.","Single Home or Condo (Valued up to $300K); Single Home or Condo ($300 to $500K); Single Home or Condo ($500K to $1 Million); Single Home or Condo (Over $1 Million); Multi-Family (2-4 units); Multi-Family (5-19 units); Multi-Family (20-99 units); Office (Up to 9,999 sqft); Office (10,000 - 100,000 sqft); Office (100,000+ sqft); Retail (Up to 9,999 sqft); Retail (10,000 - 100,000 sqft); Retail (100,000+ sqft); Multi-Family (100+ units)","other; multifamily; commercial",No,"https://d39j5ukfqdmgtw.cloudfront.net/46149/e7531cc9-bc6c-48d7-b96e-4054d962224c","",2026-01-30T01:30:47.274Z,2026-01-30T02:51:52.286Z,""
46166,"Spectrum Association Management - Austin","4411 South IH-35, STE 105","Georgetown","TX","78626","info@spectrumam.com,jbriggs@spectrumam.com","","","","spectrumam.com","https://spectrumam.com","(121) 049-4065","Spectrum Association Management - HOA Management Company in TX &amp; AZ","At Spectrum Association Management we provide expert HOA management services in Texas and Arizona. Ready for a modern approach to HOA management?","Modern. Refreshing. Different","Homeowners Association (2-49 units); Homeowners Association (50-99 units); Homeowners Association (100+ units)","other; hoa",No,"https://d39j5ukfqdmgtw.cloudfront.net/46166/24483f28-9ab8-4e8b-926a-e881b7ccb189","",2026-01-30T01:30:47.271Z,2026-01-30T02:51:52.716Z,""
46167,"Spectrum Association Management - DFW","5212 Tennyson Pkwy #130","Plano","TX","75024","info@spectrumam.com","","","","spectrumam.com","https://spectrumam.com","(121) 049-4065","Spectrum Association Management - HOA Management Company in TX &amp; AZ","At Spectrum Association Management we provide expert HOA management services in Texas and Arizona. Ready for a modern approach to HOA management?","Modern. Refreshing. Different.","Homeowners Association (2-49 units); Homeowners Association (50-99 units); Homeowners Association (100+ units)","other; hoa",No,"https://d39j5ukfqdmgtw.cloudfront.net/46167/c456ffc9-191e-44c7-aca8-e07cc76f5a44","",2026-01-30T01:30:47.247Z,2026-01-30T02:51:52.973Z,""
46169,"Spectrum Association Management - San Antonio","17319 San Pedro #318","San Antonio","TX","78232","info@spectrumam.com","","","","spectrumam.com","https://spectrumam.com","(121) 049-4065","Spectrum Association Management - HOA Management Company in TX &amp; AZ","At Spectrum Association Management we provide expert HOA management services in Texas and Arizona. Ready for a modern approach to HOA management?","Modern. Refreshing. Different.","Homeowners Association (2-49 units); Homeowners Association (50-99 units); Homeowners Association (100+ units)","other; hoa",No,"https://d39j5ukfqdmgtw.cloudfront.net/46169/f40b83bd-c719-4637-9e68-5215382324a6","",2026-01-30T01:30:47.296Z,2026-01-30T02:51:53.603Z,""
46170,"Spectrum Association Management - Arizona","1850 E Northrop Blvd #140","Chandler","AZ","85286","info@spectrumam.com","","","","spectrumam.com","https://spectrumam.com","(121) 049-4065","Spectrum Association Management - HOA Management Company in TX &amp; AZ","At Spectrum Association Management we provide expert HOA management services in Texas and Arizona. Ready for a modern approach to HOA management?","Modern. Refreshing. Different.","Homeowners Association (2-49 units); Homeowners Association (50-99 units); Homeowners Association (100+ units)","other; hoa",No,"https://d39j5ukfqdmgtw.cloudfront.net/46170/ef140cec-4595-46e2-aba4-1e551fb229b2","",2026-01-30T01:30:47.306Z,2026-01-30T02:51:53.846Z,""
46183,"Real Estate Management Solutions","-","Collin and Dallas Counties","TX","75212","looking4homeslv@gmail.com,gary.jerome@gmail.com","Looking4homeslv","","Looking4homeslv","","","","","","Real Estate Management Solutions is a property management company in Las Vegas established with the purpose of addressing the industry’s needs for exceptional property management services tailored to the satisfaction of property owners, vendors, and tenants.","Vacation (1-2 units); Vacation (3+ units)","other",No,"https://d39j5ukfqdmgtw.cloudfront.net","",2026-01-30T01:30:47.245Z,2026-01-30T02:51:53.947Z,""
46192,"CJ Real Estate - Sedalia MO","2809 Clearview Ave","Sedalia","MO","65301","jjones@cjproperties.org","Jjones","","Jjones","cjproperties.org","https://cjproperties.org","(816) 224-7911","Property &amp; Real Estate Management Company in Missouri | CJ Real Estate, Inc.","CJ Real Estate, Inc is a professional property and real estate management company providing services in Missouri, Kansas and Florida. Click or call us today for more information on our services and listings.","","Single Home or Condo (Valued up to $300K); Single Home or Condo ($300 to $500K); Multi-Family (2-4 units); Multi-Family (5-19 units); Multi-Family (20-99 units)","other; multifamily",No,"https://d39j5ukfqdmgtw.cloudfront.net","",2026-01-30T01:30:47.274Z,2026-01-30T02:51:55.175Z,""
46206,"LE Property Mannagement","56 Neal CT","Plainville","CT","06062","lepropman@gmail.com","Lepropman","","Lepropman","","","","","","Central CT investment property management","Single Home or Condo (Valued up to $300K); Single Home or Condo ($300 to $500K); Single Home or Condo ($500K to $1 Million); Single Home or Condo (Over $1 Million); Multi-Family (2-4 units); Multi-Family (5-19 units); Multi-Family (20-99 units); Multi-Family (100+ units)","other; multifamily",No,"https://d39j5ukfqdmgtw.cloudfront.net/46206/25fd1dc3-13db-4c37-9130-3f7d555ad325","",2026-01-30T01:30:47.260Z,2026-01-30T02:51:55.276Z,""
46211,"Real Property Management Neighbors","395 100th Street SW","Byron Center","MI","49315","rebeca.coleman@rpmneighbors.com","Rebeca","Coleman","Rebeca Coleman","rpmneighbors.com","https://rpmneighbors.com","(616) 465-2378","Real Property Management Neighbors | Grand Rapids Property Management","","Being the best neighbor means providing the best care and financial tools for your investment.","Single Home or Condo (Valued up to $300K); Single Home or Condo ($300 to $500K); Single Home or Condo ($500K to $1 Million); Single Home or Condo (Over $1 Million); Multi-Family (2-4 units); Multi-Family (5-19 units); Multi-Family (20-99 units)","other; multifamily",No,"https://d39j5ukfqdmgtw.cloudfront.net/46211/2175b4e8-5b87-496a-83fc-200b3e075f46","",2026-01-30T01:30:47.296Z,2026-01-30T02:51:56.475Z,""
46218,"All County Commonwealth Property Management","267 N Beacon St. Suite B1","Brighton","MA","02135","smarta@allcountycommonwealth.com,mmarta@allcountycommonwealth.com","Smarta","","Smarta","allcountycommonwealth.com","https://allcountycommonwealth.com","(617) 693-1010","All County Commonwealth - Cambridge, Massachusetts Property Management","All County Commonwealth","Your Property, Our Priority","Single Home or Condo (Valued up to $300K); Single Home or Condo ($300 to $500K); Single Home or Condo ($500K to $1 Million); Multi-Family (2-4 units); Multi-Family (5-19 units)","other; multifamily",No,"https://d39j5ukfqdmgtw.cloudfront.net/46218/a245a041-99bc-4968-b8b8-bb99366eb399","",2026-01-30T01:30:47.263Z,2026-01-30T02:51:57.128Z,""
46220,"Merrimack Realty Group, LLC","15 Alpine Lane","Chelmsford","MA","01824","Tim@MRGemail.com","Tim","","Tim","mrgemail.com","https://mrgemail.com","","","","Creating A Relationship With Every Transaction!","Single Home or Condo (Valued up to $300K); Single Home or Condo ($300 to $500K); Single Home or Condo ($500K to $1 Million); Single Home or Condo (Over $1 Million); Multi-Family (2-4 units); Multi-Family (5-19 units); Multi-Family (20-99 units); Multi-Family (100+ units); Homeowners Association (2-49 units); Homeowners Association (50-99 units); Condominium Association (2-49 units); Condominium Association (50-99 units); Homeowners Association (100+ units); Condominium Association (100+ units)","other; multifamily; hoa",No,"https://d39j5ukfqdmgtw.cloudfront.net","",2026-01-30T01:30:47.243Z,2026-01-30T02:51:57.529Z,""