Job Number,Address,Borough,Block,Lot,BIN,Zip Code,Community Board,Owner Name,Owner Relationship,Owner Business Name,Owner Phone,Owner Address,Owner Type,Applicant Name,Applicant Business,Applicant Phone,Applicant Email,Filing Rep Name,Filing Rep Business,Filing Rep Phone,Filing Rep Email,Job Type,File Date,Job Status,Estimated Cost,Building Type,Profile URL,Scraped At
"140998375","401 WEST 218 STREET MANHATTAN	Job No: 140998375","Manhattan","2214","24","1091720","10034","112","PETER FINE","MANAGER","400 WEST 219 LLC","","","PARTNERSHIP","DAVID E GROSS","GF55 ARCHITECTS","212-352-3099","DAVID@GF55.COM","IV/SA/IB/AN BE/BO/TO/DA","JM ZONING","212-964-4464","NBTEAMH@JMZONING.COM","NB - NEW BUILDING","02/22/2021","PERMIT ISSUED - ENTIRE JOB/WORK 12/11/2024 (R)","0.00","Other	Estimated Total Cost:	$0.00","https://a810-bisweb.nyc.gov/bisweb/JobsQueryByNumberServlet?passjobnumber=140998375&passdocnumber=01&requestid=0",2026-01-30T07:21:04.817Z
"121189301","7 WEST 60 STREET MANHATTAN	Job No: 121189301","Manhattan","1113","18","1091688","10023","107","VINCENT LOSSO","AUTHO","GLOBAL 1845 BROADWAY LLC","","","PARTNERSHIP","LUIGI RUSSO","SLCE ARCHITECTS","212-979-8400","LRUSSO@SLCEARCH.COM","PHILLI/ROZ/EDWI JACKIE/ESPINOS/ROJAS","GILLMAN CONSULTING INC","212-349-9304","PHILLIP@GILLMANINC.COM","NB - NEW BUILDING","06/18/2020","PERMIT ISSUED - ENTIRE JOB/WORK 08/18/2023 (R)","0.00","Other	Estimated Total Cost:	$0.00","https://a810-bisweb.nyc.gov/bisweb/JobsQueryByNumberServlet?passjobnumber=121189301&passdocnumber=01&requestid=0",2026-01-30T07:21:08.062Z
"121207354","2686 BROADWAY MANHATTAN	Job No: 121207354","Manhattan","1874","7502","1091027","10025","107","JOSEPH CLARK","SIGNING","2686-2690 BROADWAY, LLC","","","PARTNERSHIP","DAVID WEST","HILL WEST ARCHITECTS","212-213-8007","DWEST@HILLWEST.COM","IV/SA/IB/AN BE/BO/TO/DA","JM ZONING","212-964-4464","PETER@JMZONING.COM","NB - NEW BUILDING","03/23/2020","PERMIT ISSUED - ENTIRE JOB/WORK 11/02/2022 (R)","0.00","Other	Estimated Total Cost:	$0.00","https://a810-bisweb.nyc.gov/bisweb/JobsQueryByNumberServlet?passjobnumber=121207354&passdocnumber=01&requestid=0",2026-01-30T07:21:11.130Z
"121328615","699 EAST 6 STREET MANHATTAN	Job No: 121328615","Manhattan","376","1","1091013","10009","103","JONAH KRIGER","MEMBER","113 WILLOW AVENUE REALTY CO. LLC","","","PARTNERSHIP","GREGG ROTHSTEIN","GREGG ROTHSTEIN, ARCHITECT","908-351-2809","GREGGROTHSTEINARCHITECT@GMAIL.COM","GRE/MA/AR/TO/DE ROT/BUC/RAMI/CAT/WIL","CROSS RIVER ZONING ASSOCIATES","908-351-2809","MARKCROSSRIVER@GMAIL.COM","NB - NEW BUILDING","12/06/2012","SIGNED OFF 06/14/2024 (X)","0.00","Other	Estimated Total Cost:	$0.00","https://a810-bisweb.nyc.gov/bisweb/JobsQueryByNumberServlet?passjobnumber=121328615&passdocnumber=01&requestid=0",2026-01-30T07:21:14.260Z
"110220289","431 WEST 37 STREET MANHATTAN	Job No: 110220289","Manhattan","735","17","1088683","10018","104","WILLIAM LOZZANO","MANAGING","EQUITY RESIDENTIAL","","","CORPORATION","STILES SHAWN","S & S ARCHITECTURAL","212-560-0512","SSTILES@SSARCHITECTURAL.COM","SALVATORE RUSSO","MMSR CONSULTING GROUP LLC","347-952-0912","MMSRCONSULTINGROUP@GMAIL.COM","NB - NEW BUILDING","03/21/2008","PERMIT ISSUED - ENTIRE JOB/WORK 11/27/2012 (R)","0.00","Other	Estimated Total Cost:	$0.00","https://a810-bisweb.nyc.gov/bisweb/JobsQueryByNumberServlet?passjobnumber=110220289&passdocnumber=01&requestid=0",2026-01-30T07:21:17.738Z
"123694298","27 CENTRAL ROAD MANHATTAN	Job No: 123694298","Manhattan","1819","203","1091601","10035","111","ANTHONY MACARI","DIR","THE ARSENAL, CENTRAL PARK","","","NYC","RICARDO ZURITA","RICARDO ZURITA ARCHITECTURE AND","212-685-2910","RZURITA@RZAPS.COM","IL/AN/CH/GI TO/BE/CH/AL","KM ASSOCIATES OF NY, INC.","212-563-6760","ITORIBIO@KMAOFNY.COM","NB - NEW BUILDING","03/17/2020","PERMIT ISSUED - ENTIRE JOB/WORK 01/15/2026 (R)","0.00","Other	Estimated Total Cost:	$0.00","https://a810-bisweb.nyc.gov/bisweb/JobsQueryByNumberServlet?passjobnumber=123694298&passdocnumber=01&requestid=0",2026-01-30T07:21:21.462Z
"121192976","2 RIVERSIDE BOULEVARD MANHATTAN	Job No: 121192976","Manhattan","1171","7512","1089741","10023","107","JOHN GAGNIER","VICE","RCB 3 NOMINEE LLC,A DELAWARE LIM","","","PARTNERSHIP","","HILL-WEST ARCHITECTS","212-213-8007","LSHILL@HILLWEST.COM","LINDA SULI","DESIGN 2147,LTD","718-383-9340","SVINAS@DESIGN2147.COM","NB - NEW BUILDING","04/01/2015","PERMIT ISSUED - ENTIRE JOB/WORK 10/05/2020 (R)","0.00","Other	Estimated Total Cost:	$0.00","https://a810-bisweb.nyc.gov/bisweb/JobsQueryByNumberServlet?passjobnumber=121192976&passdocnumber=01&requestid=0",2026-01-30T07:21:24.491Z
"121205481","221 EAST 117 STREET MANHATTAN	Job No: 121205481","Manhattan","1667","11","1091581","10035","111","ROY MOUSSAIEFF","MANAGING","221 EAST 117 STREET LLC","","","CORPORATION","ROBERT BIANCHINI","ARC ARCHITECTURE + DESIGN STUDIO","718-360-7065","INFO@ARCDESIGNNYC.COM","","","","","NB - NEW BUILDING","06/08/2020","SIGNED OFF 03/11/2024 (X)","0.00","Other	Estimated Total Cost:	$0.00","https://a810-bisweb.nyc.gov/bisweb/JobsQueryByNumberServlet?passjobnumber=121205481&passdocnumber=01&requestid=0",2026-01-30T07:21:28.060Z
"121191021","69 GREENWICH STREET MANHATTAN	Job No: 121191021","Manhattan","19","7501","1090972","10006","101","STEVEN KAHN","AUTHORIZED","TPHGREENWICH OWNER,LLC","","","PARTNERSHIP","DANIEL J KAPLAN","FXFOWLE ARCHITECTS, LLP","212-627-1700","DKAPLAN@FXFOWLE.COM","KEN/GIB/DAM/R/J HEAT/IZA/RICH/AND/FA","JAM CONSULTANTS, INC.","212-244-4427","JFABIANI@JAMNY.COM","NB - NEW BUILDING","09/03/2016","PERMIT ISSUED - ENTIRE JOB/WORK 08/11/2025 (R)","0.00","Other	Estimated Total Cost:	$0.00","https://a810-bisweb.nyc.gov/bisweb/JobsQueryByNumberServlet?passjobnumber=121191021&passdocnumber=01&requestid=0",2026-01-30T07:21:31.763Z
"121205711","66 CLINTON STREET MANHATTAN	Job No: 121205711","Manhattan","344","7502","1091660","10002","103","MICHAEL BAUER","MEMBER","66 CLINTON HOLDINGS, LLC","","","PARTNERSHIP","DAMIR SEHIC","C3D ARCHITECTURE","212-233-3100","DAN@C3DARCH.COM","RICHARD/YVO/GEO NAGAN/SCIBELLI/PENA","NAGAN EX CONSULTANTS INC","718-892-0917","NEGMAN@EARTHLINK.NET","NB - NEW BUILDING","07/12/2019","PERMIT ISSUED - ENTIRE JOB/WORK 07/18/2023 (R)","0.00","Other	Estimated Total Cost:	$0.00","https://a810-bisweb.nyc.gov/bisweb/JobsQueryByNumberServlet?passjobnumber=121205711&passdocnumber=01&requestid=0",2026-01-30T07:21:34.875Z
"121209227","358 BOWERY MANHATTAN	Job No: 121209227","Manhattan","531","37","1091057","10012","102","SCOTT SHNAY","AUTH","ACEF-CBSKI 360 BOWERY LLC","","","CORPORATION","MORRIS ADJMI","MORRIS ADJMI ARCHITECTS","212-982-2020","MA@MA.COM","JAIRO/ROBERT CRISTIAN/ANDERSON","JAM CONSULTANTS, INC.","212-244-4427","JCRISTIAN@JAMNY.COM","NB - NEW BUILDING","01/07/2021","PERMIT ISSUED - ENTIRE JOB/WORK 05/02/2023 (R)","0.00","Other	Estimated Total Cost:	$0.00","https://a810-bisweb.nyc.gov/bisweb/JobsQueryByNumberServlet?passjobnumber=121209227&passdocnumber=01&requestid=0",2026-01-30T07:21:37.880Z
"121205524","82 EAST 127 STREET MANHATTAN	Job No: 121205524","Manhattan","1751","7501","1091567","10035","111","ROBERT EZRAPOUR","AUTHORIZED","126TH STREET EQUITIES LLC","","","PARTNERSHIP","SHAY ALSTER","GF55 ARCHITECTS, LLP","212-352-3099","SHAY@GF55.COM","IV/SA/IB/AN BE/BO/TO/DA","JM ZONING","212-964-4464","PETER@JMZONING.COM","NB - NEW BUILDING","06/24/2019","SIGNED OFF 08/05/2024 (X)","0.00","Other	Estimated Total Cost:	$0.00","https://a810-bisweb.nyc.gov/bisweb/JobsQueryByNumberServlet?passjobnumber=121205524&passdocnumber=01&requestid=0",2026-01-30T07:21:41.163Z
"121208380","76 WEST 105 STREET MANHATTAN	Job No: 121208380","Manhattan","1840","61","1806993","10025","107","ILYAS ABAYEV","OWNER","76 WEST 105 HOLDINGS LLC","","","PARTNERSHIP","MURAT MUTLU","INOA ARCHITECTURE INC., PC","212-564-0094","MURAT@IN-OA.COM","IV/SA/IB/AN BE/BO/TO/DA","JM ZONING","212-964-4464","JOEY@JMZONING.COM","NB - NEW BUILDING","07/01/2020","PERMIT ISSUED - ENTIRE JOB/WORK 05/12/2022 (R)","0.00","1, 2, or 3 Family	Estimated Total Cost:	$0.00","https://a810-bisweb.nyc.gov/bisweb/JobsQueryByNumberServlet?passjobnumber=121208380&passdocnumber=01&requestid=0",2026-01-30T07:21:44.142Z
"121333921","421 PARK AVENUE MANHATTAN	Job No: 121333921","Manhattan","1310","1","1036505","10022","105","BLAISE CRESCIULLO","PROPERTY","L&L HOLDING COMPANY, LLC","","","CORPORATION","NICKOLAS ZIGOMANIS","AAI ARCHITECTS, PC","212-964-4040","NZIGOMANIS@ADAMSON-ASSOCIATES.COM","JESSICA SPIEGEL","CODEGREEN","212-695-5980","JESSICA@CODEGREEN.COM","NB - NEW BUILDING","09/20/2013","PERMIT ISSUED - ENTIRE JOB/WORK 11/02/2023 (R)","0.00","Other	Estimated Total Cost:	$0.00","https://a810-bisweb.nyc.gov/bisweb/JobsQueryByNumberServlet?passjobnumber=121333921&passdocnumber=01&requestid=0",2026-01-30T07:21:47.508Z
"121186242","356 EAST 89 STREET MANHATTAN	Job No: 121186242","Manhattan","1551","7502","1089798","10128","108","STEPHEN GLASCOCK","NON","1711 LLC C/O ANBAU","","","PARTNERSHIP","COREN D SHARPLES","SHOP ARCHITECTS","212-889-9005","CDS@SHOPARC.COM","CON/KRI/ALF TORTO/ADAMS/THOMPSON","DOMANI CONSULTING","516-256-0317","CONNIET@CRS-GROUP.COM","NB - NEW BUILDING","07/11/2014","SIGNED OFF 05/13/2025 (X)","0.00","Other	Estimated Total Cost:	$0.00","https://a810-bisweb.nyc.gov/bisweb/JobsQueryByNumberServlet?passjobnumber=121186242&passdocnumber=01&requestid=0",2026-01-30T07:21:51.022Z
"121190111","232 EAST 54 STREET MANHATTAN	Job No: 121190111","Manhattan","1327","33","1038564","10022","106","SHAZ MOSSANEN","MEMBER","EAST 54TH STREET PROPERTIES, LLC","","","PARTNERSHIP","ISMAEL LEYVA","ISMAEL LEYVA ARCHITECTS, PC","212-290-1444","AKARMARKAR@ILARCH.COM","JACOB KOWAL","WILLIAM VITACCO ASSOCIATES, LTD","212-791-4578","JKOWAL@VITACCO.COM","NB - NEW BUILDING","10/29/2015","SIGNED OFF 12/24/2025 (X)","0.00","Other	Estimated Total Cost:	$0.00","https://a810-bisweb.nyc.gov/bisweb/JobsQueryByNumberServlet?passjobnumber=121190111&passdocnumber=01&requestid=0",2026-01-30T07:21:54.252Z
"121209165","815 BROADWAY MANHATTAN	Job No: 121209165","Manhattan","563","33","1009135","10003","102","ALEXANDER LASZLO","MEMBER","B & E 813 BROADWAY, LLC","","","CORPORATION","RAMY ISSAC","ISSAC & STERN ARCHITECTS, PC","212-268-5600","INFO@ISSACSTERN.COM","IV/SA/IB/AN/H/J BE/BO/TO/DA/AK/SI","JM ZONING","212-964-4464","NBTEAMD@JMZONING.COM","NB - NEW BUILDING","01/13/2021","PERMIT ISSUED - ENTIRE JOB/WORK 03/10/2025 (R)","0.00","Other	Estimated Total Cost:	$0.00","https://a810-bisweb.nyc.gov/bisweb/JobsQueryByNumberServlet?passjobnumber=121209165&passdocnumber=01&requestid=0",2026-01-30T07:21:57.953Z
"122142127","249 WEST 14 STREET MANHATTAN	Job No: 122142127","Manhattan","764","10","1090833","10011","104","ALFREDO VINCI","SECRETARY","FPNY 14TH LLC","","","PARTNERSHIP","","HTO ARCHITECTURAL STUDIO, PLLC","516-901-6600","HTHOMASOHARA@GMAIL.COM","BE/BO/TO/DA IV/SA/IB/AN","JM ZONING","212-964-4464","NBTEAMH@JMZONING.COM","NB - NEW BUILDING","09/23/2014","PERMIT ISSUED - ENTIRE JOB/WORK 11/27/2024 (R)","0.00","Other	Estimated Total Cost:	$0.00","https://a810-bisweb.nyc.gov/bisweb/JobsQueryByNumberServlet?passjobnumber=122142127&passdocnumber=01&requestid=0",2026-01-30T07:22:01.518Z
"103304657","436 EAST 70 STREET MANHATTAN	Job No: 103304657","Manhattan","1464","28","1045586","10021","108","STEPHEN M COHEN","EXECUTIVE","CORNELL UNIVERSITY","","","CORPORATION","TODD SCHLIEMANN","ENNEAD ARCHITECTS LLP","212-807-7171","TSCHLIEMANN@ENNEAD.COM","SUSAN/FELIX/ROB E KIM/SANCHEZ/CHIN","RT","212-349-9304","","NB - NEW BUILDING","11/07/2002","SIGNED OFF 07/15/2024 (X)","0.00","Other	Estimated Total Cost:	$0.00","https://a810-bisweb.nyc.gov/bisweb/JobsQueryByNumberServlet?passjobnumber=103304657&passdocnumber=01&requestid=0",2026-01-30T07:22:05.385Z
"121204892","306 EAST 86 STREET MANHATTAN	Job No: 121204892","Manhattan","1548","7503","1050016","10028","108","MODI FEIBISH","VICE","IGI USA","","","PARTNERSHIP","ERAN CHEN","ODA ARCHITECTURE","646-478-7455","ERAN@ODA-ARCHITECTURE.COM","BRIAN/BETH LAFFERTY/CHRISTE","METROPOLIS GROUP INC","212-710-1209","ECHRISTIE@METROPOLISNY.COM","NB - NEW BUILDING","03/08/2019","SIGNED OFF 10/16/2025 (X)","0.00","Other	Estimated Total Cost:	$0.00","https://a810-bisweb.nyc.gov/bisweb/JobsQueryByNumberServlet?passjobnumber=121204892&passdocnumber=01&requestid=0",2026-01-30T07:22:09.172Z
"123372037","244 EAST 52 STREET MANHATTAN	Job No: 123372037","Manhattan","1325","7505","1038477","10022","106","YEHUDA MOR","OWNER","244 E 52 OWNER LLC","","","PARTNERSHIP","RAMY ISSAC","ISSAC & STERN ARCHITECTS, PC","212-268-5600","INFO@ISSACSTERN.COM","IV/SA/IB/AN BE/BO/TO/DA","JM ZONING","212-964-4464","NBTEAMD@JMZONING.COM","NB - NEW BUILDING","10/30/2018","SIGNED OFF 09/18/2024 (X)","0.00","Other	Estimated Total Cost:	$0.00","https://a810-bisweb.nyc.gov/bisweb/JobsQueryByNumberServlet?passjobnumber=123372037&passdocnumber=01&requestid=0",2026-01-30T07:22:12.895Z
"121206550","125 WEST 57 STREET MANHATTAN	Job No: 121206550","Manhattan","1010","7509","1091067","10019","105","KENNETH HORN","MEMBER","125 WEST 57TH PROPERTY OWNER LLC","","","PARTNERSHIP","DANIEL J KAPLAN","FXCOLLABORATIVE ARCHITECTS LLP","212-627-1700","DKAPLAN@FXCOLLABORATIVE.COM","CINZIA/CYNTHIA QUINTIERI/TORRES","WILLIAM VITACCO ASSOCIATES, LTD","212-791-4578","CTORRES@VITACCO.COM","NB - NEW BUILDING","11/14/2019","PERMIT ISSUED - ENTIRE JOB/WORK 04/11/2025 (R)","0.00","Other	Estimated Total Cost:	$0.00","https://a810-bisweb.nyc.gov/bisweb/JobsQueryByNumberServlet?passjobnumber=121206550&passdocnumber=01&requestid=0",2026-01-30T07:22:16.099Z
"103990772","2201 ADAM C POWELL BOULEVARD MANHATTAN	Job No: 103990772","Manhattan","1915","1","1087837","10027","110","KOSTAS PREPONIS","AUTHORIZED","HARLEM CONTRACTING CORP","","","CORPORATION","OLUSOJI R OJEYEMI","ARCTONE GROUP INC.- ARCHITECTS","631-724-4424","ARCCTONEARCHITECTS@GMAIL.COM","ALBERT/OLU FAKS/OJEYEMI","THE FAKS GROUP, LLC","917-560-4774","FAKS.ALBERT@GMAIL.COM","NB - NEW BUILDING","12/10/2004","PERMIT ISSUED - ENTIRE JOB/WORK 11/16/2009 (R)","0.00","Other	Estimated Total Cost:	$0.00","https://a810-bisweb.nyc.gov/bisweb/JobsQueryByNumberServlet?passjobnumber=103990772&passdocnumber=01&requestid=0",2026-01-30T07:22:19.415Z
"122847241","301 EAST 80 STREET MANHATTAN	Job No: 122847241","Manhattan","1543","7503","1090305","10075","108","TERRENCE LOWENBERG","MANAGING","301 EAST 80TH REALTY LLC","","","PARTNERSHIP","MARIO YAO","SLCE ARCHITECTS, LLP","212-979-8400","MYAO@SLCEARCH.COM","JO/HO/PET/BR/AR GO/AK/NAT/PAO/TOW/IS","JM ZONING","212-964-4464","JOEY@JMZONING.COM","NB - NEW BUILDING","08/01/2016","PERMIT ISSUED - ENTIRE JOB/WORK 11/03/2021 (R)","0.00","Other	Estimated Total Cost:	$0.00","https://a810-bisweb.nyc.gov/bisweb/JobsQueryByNumberServlet?passjobnumber=122847241&passdocnumber=01&requestid=0",2026-01-30T07:22:22.880Z
"100935008","160 RIVERSIDE BOULEVARD MANHATTAN	Job No: 100935008","Manhattan","1171","132","1085804","10069","107","ALEXANDRA SMITH","AUTH","160 RIVERSIDE BLVD, LLC","","","CORPORATION","ALEXANDER B ZABASAJJA","AZRK ARCHITECTS PC","908-390-0609","ZABASAJJA@GMAIL.COM","LOZZANO WILLIAM","EQUITY RESIDENTIAL","212-645-4846","WLOZZANO@EQR.COM","NB - NEW BUILDING","12/21/1994","PERMIT ISSUED - ENTIRE JOB/WORK 07/02/2001 (R)","0.00","Other	Estimated Total Cost:	$0.00","https://a810-bisweb.nyc.gov/bisweb/JobsQueryByNumberServlet?passjobnumber=100935008&passdocnumber=01&requestid=0",2026-01-30T07:22:25.852Z
"121190308","76 11 AVENUE MANHATTAN	Job No: 121190308","Manhattan","689","7501","1089807","10011","104","CRAIG MURPHY","EXECUTIVE","76 ELEVENTH AVE PROPERTY OWN LLC","","","PARTNERSHIP","DAVID BROWN","WOODS BAGOT","646-756-3300","DAVID.BROWN@WOODSBAGOT.COM","PHILLIP/ROZ JACKIER/ESPINOSA","GILLMAN CONSULTING INC","212-349-9304","PHILLIP@GILLMANINC.COM","NB - NEW BUILDING","12/18/2015","PERMIT ISSUED - ENTIRE JOB/WORK 06/24/2024 (R)","0.00","Other	Estimated Total Cost:	$0.00","https://a810-bisweb.nyc.gov/bisweb/JobsQueryByNumberServlet?passjobnumber=121190308&passdocnumber=01&requestid=0",2026-01-30T07:22:29.495Z
"121189436","100 CLAREMONT AVENUE MANHATTAN	Job No: 121189436","Manhattan","1992","7501","1086559","10027","109","RENATO BRUNO","B","BORADWAY COMMUNITY MANAGER LLC","","","CORPORATION","GLORIA B GLAS","SLCE ARCHITECTS, LLP","212-979-8400","GGLAS@SLCEARCH.COM","ROBERT/MARHU ANDERSON/BUCASAN","JAM CONSULTANTS, INC.","212-244-4427","RANDERSON@JAMNY.COM","NB - NEW BUILDING","12/28/2018","PERMIT ISSUED - ENTIRE JOB/WORK 06/26/2023 (R)","0.00","Other	Estimated Total Cost:	$0.00","https://a810-bisweb.nyc.gov/bisweb/JobsQueryByNumberServlet?passjobnumber=121189436&passdocnumber=01&requestid=0",2026-01-30T07:22:32.584Z
"121205089","14 2 AVENUE MANHATTAN	Job No: 121205089","Manhattan","442","7502","1088840","10003","103","DAN VISLOCKY","MEMBER","STATION 14 2ND AVENUE LLC","","","PARTNERSHIP","DAVID B CUTLER","HUSTVEDT CUTLER ARCHITECTS","212-619-8131","BCUTLER@HUSTVEDTCUTLER.COM","JAC/DAN/KEL/JOA CLARK RISP OMA PLOF","J CLARKE CONSTRUCTION CONSULTANT","212-962-0300","EXPEDITE.JCLARKE@GMAIL.COM","NB - NEW BUILDING","04/12/2019","PERMIT ISSUED - ENTIRE JOB/WORK 08/15/2023 (R)","0.00","Other	Estimated Total Cost:	$0.00","https://a810-bisweb.nyc.gov/bisweb/JobsQueryByNumberServlet?passjobnumber=121205089&passdocnumber=01&requestid=0",2026-01-30T07:22:36.401Z
"122885422","431 10 AVENUE MANHATTAN	Job No: 122885422","Manhattan","706","17","1090122","10001","104","FIONA CAPLAN","MANAGING","509 WEST 34TH LLC","","","CORPORATION","NICKOLAS ZIGOMANIS","AAI ARCHITECTS, P/C","212-964-4040","NZIGOMANIS@ADAMSON-ASSOCIATES.COM","WILLIAM/YVEE/PH BEN/MCPHE/JACK","GILLMAN CONSULTING INC","212-349-9304","PHILLIP@GILLMANINC.COM","NB - NEW BUILDING","09/29/2016","PERMIT ISSUED - ENTIRE JOB/WORK 10/31/2024 (R)","0.00","Other	Estimated Total Cost:	$0.00","https://a810-bisweb.nyc.gov/bisweb/JobsQueryByNumberServlet?passjobnumber=122885422&passdocnumber=01&requestid=0",2026-01-30T07:22:39.959Z
"104782852","225 EAST 118 STREET MANHATTAN	Job No: 104782852","Manhattan","1783","12","1088111","10035","111","JEFF FOX","AGENT","FRIENDLY HANDS APARTMENTS HDFC,","","","CORPORATION","","S.L.C.E. Architects","212-979-8400","SYAKAS@SLCEARCH.COM","YO/RI/TI/DA/HI/ SH/AL/RO/WE/LO/AF","YONA LOVE CONSULTING SERVICES","718-252-9576","YONAL@YONALOVE.COM","NB - NEW BUILDING","05/23/2007","PERMIT ISSUED - ENTIRE JOB/WORK 09/18/2023 (R)","0.00","Other	Estimated Total Cost:	$0.00","https://a810-bisweb.nyc.gov/bisweb/JobsQueryByNumberServlet?passjobnumber=104782852&passdocnumber=01&requestid=0",2026-01-30T07:22:43.674Z
"110298428","548 WEST 48 STREET MANHATTAN	Job No: 110298428","Manhattan","1076","57","1090609","10036","104","CHIANG JOEY","MANAGING","548 W 48 LLC","","","CORPORATION","SHIMING TAM","SHIMING TAM ARCHITECT, P.C.","718-765-1122","OFFICE@SMTAM-ARCH.COM","SHI YING WU","POLAR EXPRESS","718-353-8898","SAMWU1227@GMAIL.COM","NB - NEW BUILDING","07/22/2008","SIGNED OFF 03/08/2024 (X)","0.00","Other	Estimated Total Cost:	$0.00","https://a810-bisweb.nyc.gov/bisweb/JobsQueryByNumberServlet?passjobnumber=110298428&passdocnumber=01&requestid=0",2026-01-30T07:22:47.594Z
"121208861","124 EAST 86 STREET MANHATTAN	Job No: 121208861","Manhattan","1514","7503","1091043","10028","108","SERGEY RYBAK","MANAGER","126 EAST 86TH ST DEVELOPMENT LLC","","","CORPORATION","IGOR ZASLAVSKIY","ZPROEKT","718-934-2322","ZPROEKT@GMAIL.COM","LEE/DYLAN/ALEX KWAN/NACHT/RIPPERE","SOCOTEC, INC","347-863-8880","CODE@SOCOTEC.US","NB - NEW BUILDING","11/05/2020","SIGNED OFF 11/03/2025 (X)","0.00","Other	Estimated Total Cost:	$0.00","https://a810-bisweb.nyc.gov/bisweb/JobsQueryByNumberServlet?passjobnumber=121208861&passdocnumber=01&requestid=0",2026-01-30T07:22:50.572Z
"121188053","5 PLATT STREET MANHATTAN	Job No: 121188053","Manhattan","69","53","1091784","10038","101","LAWRENCE BREMER","AUTHORIZED","102-110 JOHN MAZAL LLC","","","CORPORATION","DAVID C WEST","HILL WEST ARCHITECTS","212-213-8007","DWEST@HILLWEST.COM","JUSTIN/CONNIE/N GIGLIA/TORTO/LUNA","DOMANI CONSULTING INC","516-256-0317","JGIGLIA@DOMANICONSULTINGINC.COM","NB - NEW BUILDING","03/29/2018","PERMIT ISSUED - ENTIRE JOB/WORK 01/07/2026 (R)","0.00","Other	Estimated Total Cost:	$0.00","https://a810-bisweb.nyc.gov/bisweb/JobsQueryByNumberServlet?passjobnumber=121188053&passdocnumber=01&requestid=0",2026-01-30T07:22:53.575Z